,,Overall,Overall,Overall,Overall,Overall,Overall,,Conf.,Conf.,,Home,Home,,Away,Away,,Points,Points,,School Advanced,School Advanced,School Advanced,School Advanced,School Advanced,School Advanced,School Advanced,School Advanced,School Advanced,School Advanced,School Advanced,School Advanced,School Advanced
Rk,School,G,W,L,W-L%,SRS,SOS,,W,L,,W,L,,W,L,,Tm.,Opp.,,Pace,ORtg,FTr,3PAr,TS%,TRB%,AST%,STL%,BLK%,eFG%,TOV%,ORB%,FT/FGA
1,Abilene Christian,30,13,17,.433,-2.51,1.18,,5,11,,9,5,,4,8,,2249,2133,,70.9,104.9,.318,.341,.543,49.1,58.0,12.3,7.0,.510,15.5,28.6,.230
2,Air Force,32,14,18,.438,2.60,2.72,,5,13,,10,9,,4,9,,2142,2146,,63.6,104.0,.312,.448,.570,47.7,64.9,8.9,11.0,.542,17.2,22.3,.226
3,Akron,32,22,10,.688,4.62,-1.22,,13,5,,15,1,,5,6,,2390,2130,,67.0,110.6,.339,.447,.558,52.2,52.9,9.1,7.0,.524,14.1,30.1,.249
4,Alabama,32,27,5,.844,23.53,10.01,,16,2,,15,0,,9,3,,2640,2205,,72.9,110.6,.373,.476,.563,54.2,54.3,8.2,11.3,.527,16.1,33.3,.271
5,Alabama A&M,32,15,17,.469,-10.38,-7.31,,10,8,,9,8,,5,8,,2236,2266,,70.0,99.1,.341,.323,.530,47.7,50.8,11.4,12.2,.504,18.5,29.5,.224
6,Alabama State,31,8,23,.258,-15.97,-5.94,,6,12,,5,5,,2,18,,1963,2252,,68.6,92.0,.321,.332,.468,48.5,45.2,8.5,9.1,.426,16.5,32.4,.226
7,Albany (NY),31,8,23,.258,-14.37,-4.55,,3,13,,5,6,,2,16,,2086,2332,,67.9,98.8,.313,.413,.517,49.8,50.0,8.4,4.5,.481,17.0,28.8,.226
8,Alcorn State,31,18,13,.581,-8.40,-5.88,,15,3,,7,2,,10,9,,2112,2190,,68.0,98.6,.351,.297,.499,50.2,41.6,11.6,7.8,.455,15.7,33.5,.254
9,American,32,17,15,.531,-8.24,-7.71,,7,11,,8,6,,9,9,,2093,2110,,62.6,102.9,.279,.361,.567,51.0,55.5,11.7,11.4,.544,19.5,28.3,.196
10,Appalachian State,32,16,16,.500,-1.29,-0.77,,9,9,,10,7,,6,7,,2248,2067,,67.3,103.6,.293,.392,.532,49.8,50.9,9.4,12.8,.507,14.3,25.8,.198
11,Arizona,34,28,6,.824,20.00,8.83,,14,6,,15,2,,6,4,,2811,2431,,72.9,113.4,.365,.380,.595,54.3,65.3,8.4,8.3,.568,16.1,31.1,.259
12,Arizona State,34,22,12,.647,11.03,8.41,,11,9,,10,5,,7,6,,2391,2302,,69.2,100.6,.308,.395,.507,48.7,56.9,10.4,13.2,.475,14.6,29.6,.212
13,Arkansas,33,20,13,.606,16.64,9.61,,8,10,,14,3,,2,8,,2456,2224,,70.1,105.7,.387,.282,.552,51.8,49.6,11.9,13.4,.520,16.1,30.5,.267
14,Arkansas State,33,13,20,.394,-7.78,-3.01,,4,14,,10,8,,2,11,,2169,2232,,64.8,101.0,.334,.330,.520,50.3,55.7,10.2,9.2,.490,15.6,29.0,.226
15,Arkansas-Pine Bluff,31,10,21,.323,-12.49,-4.86,,6,12,,8,5,,2,16,,2074,2162,,71.3,93.0,.328,.433,.501,48.7,56.5,11.2,7.9,.460,18.6,27.2,.238
16,Army,33,17,16,.515,-7.23,-7.68,,10,8,,10,5,,7,8,,2412,2322,,68.1,106.5,.308,.387,.568,53.0,48.8,7.4,6.0,.546,16.7,27.5,.210
17,Auburn,32,20,12,.625,14.93,9.28,,10,8,,14,2,,4,8,,2327,2146,,68.7,105.4,.355,.354,.531,50.8,55.0,11.6,13.8,.496,15.4,33.3,.249
18,Austin Peay,31,9,22,.290,-12.45,-2.72,,3,15,,7,8,,1,13,,2067,2241,,66.8,99.4,.277,.385,.510,47.1,52.1,10.6,8.8,.477,15.2,28.0,.201
19,Ball State,32,20,12,.625,-0.75,-3.05,,11,7,,12,2,,6,7,,2445,2292,,68.5,111.1,.425,.365,.570,52.1,50.2,8.0,9.8,.538,15.4,31.2,.293
20,Baylor,32,22,10,.688,18.08,11.18,,11,7,,14,3,,5,5,,2469,2248,,67.9,113.3,.372,.453,.569,51.6,56.4,9.8,6.8,.531,15.4,34.7,.278
21,Bellarmine,33,15,18,.455,-7.37,-1.31,,9,9,,8,6,,6,12,,2187,2216,,62.8,104.7,.251,.433,.562,48.0,58.6,8.8,5.4,.535,15.9,22.1,.189
22,Belmont,32,21,11,.656,2.30,-1.51,,14,6,,12,2,,7,7,,2447,2299,,69.0,109.9,.249,.416,.575,48.4,54.3,10.1,8.1,.553,14.6,25.2,.181
23,Bethune-Cookman,33,13,20,.394,-16.45,-7.48,,9,10,,8,5,,4,13,,2232,2459,,69.6,96.9,.313,.326,.505,45.9,46.8,10.2,8.0,.471,16.0,27.2,.218
24,Binghamton,31,13,18,.419,-10.46,-5.53,,8,8,,8,7,,5,11,,2133,2217,,67.0,101.0,.297,.302,.530,51.0,45.5,6.8,8.4,.499,16.7,29.0,.212
25,Boise State,32,24,8,.750,13.63,6.60,,13,5,,15,1,,5,6,,2322,2051,,66.8,107.3,.303,.383,.558,52.8,43.6,7.4,8.3,.527,14.8,27.2,.224
26,Boston College,33,16,17,.485,1.13,4.76,,9,11,,9,7,,4,7,,2197,2317,,66.7,99.0,.273,.315,.519,49.3,50.4,9.5,10.4,.487,16.1,27.5,.198
27,Boston University,32,15,17,.469,-8.16,-6.58,,8,10,,9,4,,6,11,,2147,2151,,66.3,99.7,.284,.391,.513,51.3,44.0,9.5,7.5,.477,15.5,28.6,.210
28,Bowling Green State,31,11,20,.355,-8.09,-3.44,,5,13,,7,9,,4,11,,2355,2434,,71.2,106.7,.335,.354,.547,50.8,51.0,8.5,8.1,.512,14.9,29.6,.243
29,Bradley,34,25,9,.735,7.37,-0.60,,16,4,,15,1,,8,5,,2411,2114,,65.9,107.2,.276,.391,.553,52.8,51.1,10.5,12.0,.533,15.4,29.2,.185
30,Brigham Young,34,19,15,.559,9.91,5.88,,7,9,,12,4,,2,7,,2568,2376,,70.9,106.1,.324,.404,.554,54.0,54.9,10.4,11.4,.523,17.2,31.8,.232
31,Brown,27,14,13,.519,-2.67,-2.89,,7,7,,7,5,,7,8,,1878,1872,,69.9,99.1,.298,.399,.528,50.3,54.5,10.2,9.0,.507,16.9,25.3,.191
32,Bryant,30,17,13,.567,-3.64,-4.57,,8,8,,9,4,,7,8,,2381,2193,,73.0,108.3,.331,.392,.565,53.6,47.5,9.1,9.4,.532,16.0,30.1,.243
33,Bucknell,32,12,20,.375,-9.58,-7.14,,5,13,,7,7,,3,13,,2161,2192,,66.4,100.9,.265,.377,.549,51.5,53.8,8.2,10.3,.523,17.8,25.8,.190
34,Buffalo,32,15,17,.469,-2.67,0.97,,9,9,,11,4,,3,9,,2481,2485,,74.2,104.1,.316,.348,.539,51.8,51.9,10.7,8.2,.509,16.4,31.9,.223
35,Butler,32,14,18,.438,5.86,8.55,,6,14,,10,6,,3,10,,2088,2174,,67.2,97.1,.260,.358,.526,45.2,52.3,10.0,11.0,.495,16.0,19.9,.192
36,Cal Poly,33,8,25,.242,-7.01,-0.05,,1,18,,6,11,,1,13,,2006,2174,,65.1,92.7,.306,.355,.505,50.3,47.7,8.4,7.6,.465,18.7,25.8,.228
37,Cal State Bakersfield,33,11,22,.333,-7.87,-1.00,,6,14,,6,8,,3,12,,1995,2134,,63.4,93.9,.289,.247,.495,49.7,48.5,9.6,10.6,.454,17.4,28.6,.220
38,Cal State Fullerton,33,20,13,.606,2.23,0.23,,12,6,,11,2,,7,8,,2283,2148,,65.5,102.5,.376,.379,.535,49.0,43.6,9.6,7.7,.500,15.5,26.9,.260
39,Cal State Northridge,32,7,25,.219,-9.91,-1.24,,4,16,,7,8,,0,14,,2028,2194,,65.7,96.1,.353,.331,.501,48.6,45.2,9.5,9.2,.454,16.5,28.0,.262
40,California,32,3,29,.094,-2.87,8.91,,2,18,,3,14,,0,12,,1866,2243,,64.3,90.0,.315,.309,.479,47.0,46.5,7.3,9.1,.437,17.6,25.3,.228
41,California Baptist,33,17,16,.515,0.48,-0.43,,7,10,,12,5,,4,8,,2291,2156,,65.9,104.6,.312,.441,.526,52.3,58.1,6.7,8.2,.500,14.8,30.4,.207
42,Campbell,34,16,18,.471,-5.22,-4.88,,8,10,,8,6,,4,10,,2374,2329,,64.6,106.1,.389,.384,.564,49.6,50.1,9.5,9.0,.531,16.1,25.3,.273
43,Canisius,30,10,20,.333,-6.93,-3.34,,8,12,,7,7,,3,12,,2111,2169,,67.5,102.1,.248,.406,.522,48.4,56.5,8.1,6.6,.492,15.0,28.8,.181
44,Central Arkansas,31,9,22,.290,-13.63,-3.06,,4,14,,6,8,,2,13,,2261,2527,,72.7,99.1,.243,.412,.510,48.2,46.9,8.9,8.2,.478,15.7,28.4,.182
45,Central Connecticut State,32,10,22,.313,-14.05,-9.86,,7,9,,6,7,,4,14,,2111,2245,,65.7,99.3,.233,.357,.507,49.5,52.1,8.4,10.6,.481,15.4,28.5,.165
46,Central Florida,31,18,13,.581,11.24,4.99,,8,10,,11,6,,4,6,,2235,2030,,65.7,106.7,.299,.424,.544,51.0,56.9,11.1,11.4,.506,16.5,33.6,.230
47,Central Michigan,31,10,21,.323,-11.59,-2.25,,5,13,,6,8,,3,12,,2038,2263,,69.0,94.9,.380,.377,.511,49.8,47.4,8.4,11.5,.472,19.9,31.2,.262
48,Charleston Southern,31,10,21,.323,-9.40,-4.43,,5,13,,6,8,,3,12,,2251,2305,,67.1,107.8,.269,.395,.539,51.0,45.5,7.5,7.8,.511,14.9,32.6,.196
49,Charlotte,32,18,14,.563,3.62,-0.35,,9,11,,11,4,,5,8,,2135,2008,,61.5,106.5,.243,.406,.572,50.2,52.4,8.5,7.9,.548,15.6,22.9,.181
50,Chattanooga,35,18,17,.514,-2.18,-3.18,,7,11,,9,7,,6,9,,2702,2523,,68.9,111.7,.313,.518,.576,51.7,58.0,8.3,10.0,.550,14.8,28.0,.223
51,Chicago State,31,11,20,.355,-10.93,-3.15,,,,,8,0,,3,20,,2180,2264,,66.8,104.9,.316,.430,.539,51.2,49.9,8.4,7.5,.505,17.3,34.2,.230
52,Cincinnati,31,20,11,.645,11.99,5.09,,11,7,,15,3,,4,6,,2416,2161,,69.9,110.6,.257,.398,.550,51.8,55.4,8.6,9.3,.527,13.2,30.7,.180
53,Clemson,33,23,10,.697,11.23,4.08,,14,6,,15,1,,5,6,,2476,2240,,68.1,109.4,.307,.401,.580,51.5,54.0,7.5,9.0,.544,14.7,23.5,.243
54,Cleveland State,34,21,13,.618,-1.90,-4.93,,14,6,,13,3,,7,9,,2437,2314,,66.4,106.4,.294,.275,.524,50.4,49.1,10.3,9.5,.498,14.6,35.4,.200
55,Coastal Carolina,31,11,20,.355,-8.71,-1.53,,5,13,,8,8,,3,11,,2273,2294,,69.1,105.3,.284,.375,.533,51.2,46.9,8.7,9.6,.493,15.1,31.6,.222
56,Colgate,34,26,8,.765,2.28,-6.63,,17,1,,14,2,,11,4,,2672,2345,,68.3,115.1,.273,.351,.597,51.9,62.0,10.2,7.6,.585,13.4,25.4,.179
57,College of Charleston,34,31,3,.912,8.46,-4.51,,16,2,,17,1,,11,2,,2747,2290,,70.8,113.3,.328,.479,.554,54.5,49.8,10.3,7.8,.518,14.1,35.6,.243
58,Colorado,33,17,16,.515,12.06,8.79,,8,12,,12,4,,2,9,,2311,2203,,69.7,100.5,.303,.347,.520,52.7,50.9,10.9,9.8,.490,16.6,31.3,.210
59,Colorado State,33,15,18,.455,6.23,6.44,,6,12,,9,7,,4,8,,2391,2355,,66.4,107.9,.296,.385,.586,48.1,62.4,8.4,7.7,.558,15.3,19.9,.220
60,Columbia,29,7,22,.241,-14.65,-2.65,,2,12,,6,9,,1,13,,1966,2197,,70.6,95.3,.282,.413,.502,46.6,48.9,9.5,5.0,.468,17.0,27.0,.201
61,Connecticut,31,24,7,.774,20.88,7.45,,13,7,,15,2,,6,5,,2450,2017,,69.0,114.6,.318,.418,.570,56.6,63.0,9.7,12.8,.536,15.9,39.2,.240
62,Coppin State,32,9,23,.281,-14.60,-3.44,,4,10,,4,6,,5,16,,2304,2661,,73.1,97.0,.372,.443,.547,42.3,46.3,10.4,6.8,.510,18.5,18.6,.267
63,Cornell,27,17,10,.630,0.39,-2.65,,7,7,,11,2,,6,8,,2227,2049,,72.6,113.1,.285,.491,.586,50.1,59.9,13.3,6.2,.562,15.1,29.6,.208
64,Creighton,33,21,12,.636,17.69,9.54,,14,6,,13,2,,5,6,,2529,2260,,69.4,109.5,.281,.420,.574,52.7,57.8,7.5,9.5,.543,14.8,25.5,.216
65,Dartmouth,28,10,18,.357,-8.14,-2.68,,6,8,,7,5,,3,11,,1998,2027,,70.8,99.5,.292,.421,.540,49.6,50.1,7.6,10.4,.512,17.9,24.2,.204
66,Davidson,32,16,16,.500,2.21,1.69,,8,10,,7,8,,6,6,,2236,2197,,66.1,104.4,.339,.374,.543,48.7,53.5,8.0,3.5,.503,14.4,24.8,.254
67,Dayton,32,21,11,.656,9.28,1.06,,12,6,,14,2,,5,6,,2200,1939,,63.9,106.8,.355,.371,.560,53.8,62.1,7.6,12.3,.532,16.7,30.4,.245
68,Delaware,33,17,16,.515,-5.60,-3.75,,8,10,,10,5,,4,10,,2298,2333,,67.4,102.6,.331,.366,.534,47.6,47.7,10.2,10.6,.498,14.8,25.3,.241
69,Delaware State,30,6,24,.200,-17.71,-4.96,,4,11,,4,8,,2,14,,1939,2265,,69.6,92.1,.286,.314,.495,50.2,52.1,9.9,8.2,.463,19.7,30.7,.197
70,Denver,32,15,17,.469,-9.08,-5.42,,6,12,,9,5,,4,11,,2325,2402,,69.1,103.6,.416,.258,.566,53.1,43.5,7.9,8.4,.529,18.9,29.8,.298
71,DePaul,33,10,23,.303,2.96,9.08,,3,17,,7,8,,2,12,,2349,2551,,69.8,100.4,.276,.378,.530,45.7,54.5,9.0,12.0,.497,16.1,25.8,.204
72,Detroit Mercy,33,14,19,.424,-3.01,-3.41,,9,11,,9,5,,5,13,,2527,2486,,67.8,112.1,.281,.432,.551,52.5,47.1,9.0,5.5,.516,14.5,35.9,.216
73,Drake,34,27,7,.794,8.34,-1.12,,15,5,,14,1,,6,6,,2561,2173,,67.0,110.1,.283,.368,.571,52.4,49.8,7.9,7.4,.539,13.7,24.8,.218
74,Drexel,32,17,15,.531,-2.27,-5.43,,10,8,,12,3,,3,9,,2135,1997,,64.0,102.2,.294,.404,.522,51.6,48.4,8.6,8.0,.495,15.4,30.2,.201
75,Duke,33,25,8,.758,15.61,7.03,,14,6,,16,0,,4,6,,2407,2125,,65.8,110.4,.304,.355,.549,55.9,56.9,8.4,12.2,.512,15.4,36.7,.234
76,Duquesne,32,20,12,.625,4.08,0.14,,10,8,,16,4,,3,7,,2394,2268,,69.4,107.8,.266,.397,.534,49.6,56.4,11.9,10.3,.510,14.5,33.4,.183
77,East Carolina,32,16,16,.500,0.06,1.76,,6,12,,10,6,,2,9,,2225,2267,,68.5,101.5,.371,.417,.513,51.5,56.0,9.4,7.1,.475,16.2,33.5,.256
78,East Tennessee State,32,12,20,.375,-5.87,-4.31,,8,10,,7,9,,4,9,,2211,2208,,66.7,103.2,.301,.349,.533,51.3,47.5,9.1,9.4,.509,16.8,31.5,.202
79,Eastern Illinois,31,9,22,.290,-13.83,-6.49,,5,13,,6,9,,3,12,,2134,2235,,70.7,97.0,.329,.274,.513,47.2,56.3,11.8,10.1,.488,16.8,25.8,.210
80,Eastern Kentucky,33,20,13,.606,-2.47,-2.11,,12,6,,14,2,,5,10,,2553,2380,,72.5,106.3,.244,.381,.519,51.7,52.4,11.1,13.0,.499,14.0,34.1,.161
81,Eastern Michigan,31,8,23,.258,-10.69,-1.53,,5,13,,6,7,,2,13,,2239,2505,,70.3,101.9,.315,.333,.533,45.9,37.2,8.8,6.2,.492,14.9,25.0,.241
82,Eastern Washington,32,22,10,.688,1.32,-2.11,,16,2,,11,2,,9,6,,2466,2284,,68.9,111.9,.315,.439,.601,53.8,56.3,7.2,9.2,.572,17.5,29.3,.238
83,Elon,32,8,24,.250,-12.78,-4.31,,6,12,,5,9,,3,12,,2094,2291,,67.0,97.7,.277,.403,.517,48.4,51.0,9.1,6.7,.486,16.3,25.7,.197
84,Evansville,32,5,27,.156,-14.70,-1.11,,1,19,,3,10,,1,14,,1997,2432,,69.8,89.4,.294,.336,.476,45.1,45.0,10.0,5.8,.451,15.8,20.7,.185
85,Fairfield,31,13,18,.419,-6.89,-4.43,,9,11,,7,6,,4,10,,2012,2045,,64.9,98.7,.373,.369,.508,49.6,42.9,8.3,9.5,.463,15.6,28.8,.270
86,Fairleigh Dickinson,34,19,15,.559,-11.40,-11.72,,10,6,,10,5,,8,9,,2646,2547,,69.9,110.1,.270,.373,.550,50.5,52.4,11.4,5.8,.520,14.0,32.3,.201
87,Florida,32,16,16,.500,11.85,8.56,,9,9,,10,5,,4,7,,2302,2197,,69.8,102.7,.351,.367,.535,47.4,49.1,9.6,12.5,.498,14.1,23.5,.251
88,Florida A&M,29,7,22,.241,-17.41,-4.60,,5,13,,4,7,,3,15,,1700,2030,,66.5,87.8,.323,.347,.480,47.8,47.1,9.9,10.2,.442,20.8,29.3,.223
89,Florida Atlantic,32,29,3,.906,13.39,0.52,,18,2,,17,0,,11,3,,2533,2088,,69.1,113.7,.287,.444,.578,54.1,52.5,9.8,6.5,.555,14.7,30.8,.204
90,Florida Gulf Coast,32,17,15,.531,-2.57,-3.02,,7,11,,8,5,,6,9,,2280,2222,,66.7,106.1,.275,.451,.547,49.6,50.8,10.2,9.6,.517,14.9,27.2,.203
91,Florida International,32,14,18,.438,-3.05,-0.02,,8,12,,11,7,,3,10,,2339,2404,,71.0,101.4,.291,.361,.552,45.3,45.8,12.6,11.2,.525,18.3,25.5,.207
92,Florida State,32,9,23,.281,-0.32,6.56,,7,13,,5,11,,4,7,,2219,2439,,69.0,100.5,.304,.344,.527,47.1,53.6,8.9,11.3,.493,15.6,25.9,.221
93,Fordham,32,25,7,.781,2.41,-1.98,,12,6,,18,2,,6,5,,2308,2153,,70.3,101.8,.381,.414,.530,52.1,52.5,10.3,12.8,.484,16.7,29.8,.282
94,Fresno State,31,11,20,.355,3.24,5.74,,6,12,,7,7,,4,9,,1974,2036,,64.0,99.5,.251,.407,.527,48.1,53.1,9.9,10.3,.493,16.1,24.9,.194
95,Furman,34,27,7,.794,5.11,-3.89,,15,3,,14,2,,8,3,,2791,2421,,69.7,116.5,.341,.462,.594,51.8,59.4,9.6,8.5,.564,13.9,29.5,.253
96,Gardner-Webb,31,15,16,.484,-3.81,-4.61,,10,8,,8,5,,6,10,,2192,2032,,67.5,103.2,.340,.335,.542,52.7,49.1,10.4,14.3,.523,16.6,29.7,.213
97,George Mason,33,20,13,.606,1.94,0.49,,11,7,,14,2,,4,7,,2268,2220,,67.6,100.9,.370,.386,.544,52.4,56.5,6.8,8.5,.519,17.8,27.9,.241
98,George Washington,32,16,16,.500,-1.73,-0.40,,10,8,,11,6,,5,6,,2441,2455,,69.7,107.4,.348,.384,.566,49.8,46.7,8.0,9.0,.532,15.8,26.9,.257
99,Georgetown,32,7,25,.219,-1.09,7.50,,2,18,,5,12,,1,11,,2225,2500,,69.6,99.1,.291,.310,.505,49.0,46.5,8.8,12.1,.471,15.1,28.9,.209
100,Georgia,32,16,16,.500,2.20,5.20,,6,12,,13,4,,1,10,,2193,2289,,68.2,100.1,.405,.382,.518,50.2,49.2,9.2,7.0,.471,16.7,30.6,.294
101,Georgia Southern,33,17,16,.515,-3.04,-1.81,,9,9,,12,4,,3,11,,2257,2201,,67.6,100.8,.280,.342,.517,50.2,40.8,10.4,8.2,.490,14.8,27.7,.192
102,Georgia State,31,10,21,.323,-6.58,-0.72,,3,15,,10,9,,0,11,,2068,2150,,67.8,98.0,.325,.311,.501,51.2,45.9,8.5,9.8,.462,16.2,31.9,.231
103,Georgia Tech,33,15,18,.455,2.15,4.96,,6,14,,11,6,,3,9,,2301,2335,,67.6,102.8,.236,.383,.512,48.8,54.2,8.8,10.6,.488,13.5,28.9,.164
104,Gonzaga,33,28,5,.848,20.16,7.54,,14,2,,15,1,,7,2,,2888,2406,,71.8,121.4,.337,.325,.612,53.8,50.8,10.6,9.2,.592,12.9,31.3,.236
105,Grambling,32,24,8,.750,-3.63,-8.09,,15,3,,11,1,,9,6,,2218,1993,,67.8,101.9,.416,.273,.536,51.7,50.5,10.9,12.1,.508,18.2,32.9,.267
106,Grand Canyon,35,24,11,.686,4.64,1.02,,10,7,,14,4,,5,5,,2636,2339,,66.9,111.8,.366,.419,.575,52.4,48.7,7.3,8.4,.544,15.6,31.2,.262
107,Green Bay,32,3,29,.094,-20.09,-2.93,,2,18,,2,10,,1,17,,1898,2447,,66.2,89.2,.315,.435,.496,43.6,53.4,7.6,6.3,.459,18.9,21.7,.221
108,Hampton,32,8,24,.250,-15.10,-4.55,,5,13,,7,6,,1,13,,2183,2481,,69.9,97.2,.329,.367,.488,46.9,46.4,6.1,8.5,.451,13.7,26.8,.226
109,Hartford,28,5,23,.179,-23.34,-8.18,,,,,5,10,,0,11,,1757,1991,,66.3,94.7,.235,.402,.512,47.7,55.2,9.6,10.6,.494,19.0,27.1,.151
110,Harvard,28,14,14,.500,-0.82,-2.13,,5,9,,5,7,,8,6,,1914,1858,,67.8,99.9,.309,.374,.524,52.9,52.9,11.0,10.8,.497,17.3,31.0,.207
111,Hawaii,33,22,11,.667,2.83,-1.70,,13,7,,13,5,,6,4,,2208,2039,,64.9,101.9,.330,.371,.530,52.3,47.5,7.0,9.0,.490,16.2,29.5,.247
112,High Point,31,14,17,.452,-9.84,-5.19,,6,12,,10,5,,2,11,,2312,2392,,72.7,102.7,.394,.393,.531,50.1,47.1,9.0,12.7,.507,16.7,31.4,.246
113,Hofstra,33,24,9,.727,4.89,-3.20,,16,2,,11,1,,10,5,,2466,2159,,67.7,109.6,.208,.398,.574,48.2,50.2,9.2,11.2,.554,14.0,23.3,.153
114,Holy Cross,32,10,22,.313,-14.28,-6.41,,7,11,,6,9,,4,11,,2136,2324,,69.1,96.2,.253,.322,.512,45.7,49.0,9.1,7.1,.495,15.7,22.3,.157
115,Houston,31,29,2,.935,23.84,4.44,,17,1,,16,2,,11,0,,2357,1752,,64.5,117.8,.276,.379,.563,55.4,53.4,13.1,16.8,.538,12.8,37.8,.199
116,Houston Christian,32,10,22,.313,-16.83,-6.59,,7,11,,8,8,,2,13,,2482,2658,,73.4,105.3,.385,.390,.563,49.5,55.7,7.8,6.7,.528,18.2,29.5,.276
117,Howard,32,20,12,.625,-4.76,-5.76,,11,3,,12,2,,6,8,,2427,2327,,71.9,105.1,.329,.365,.562,51.6,55.4,10.4,8.3,.531,19.4,33.8,.237
118,Idaho,32,10,22,.313,-8.36,-3.53,,4,14,,6,10,,4,11,,2335,2332,,67.1,107.5,.353,.365,.572,47.9,46.2,7.6,4.7,.534,15.1,22.0,.269
119,Idaho State,32,11,21,.344,-6.23,-2.63,,8,10,,7,7,,4,12,,2213,2272,,65.7,102.8,.290,.406,.545,48.2,49.4,8.6,7.7,.513,15.4,24.5,.213
120,Illinois,32,20,12,.625,15.36,7.67,,11,9,,15,2,,3,7,,2389,2143,,69.3,106.5,.338,.419,.543,53.1,46.7,9.8,14.0,.516,15.7,32.3,.230
121,Illinois State,32,11,21,.344,-6.92,-2.92,,6,14,,8,7,,3,9,,2127,2255,,65.7,99.6,.313,.406,.545,51.3,46.8,8.6,9.5,.502,19.3,28.2,.248
122,Illinois-Chicago,32,12,20,.375,-8.44,-2.73,,4,16,,7,8,,3,11,,2149,2292,,69.2,96.2,.341,.431,.516,45.9,56.4,9.2,12.4,.487,16.4,23.1,.223
123,Incarnate Word,31,12,19,.387,-14.83,-8.00,,6,13,,7,7,,3,13,,2194,2290,,69.0,100.9,.342,.317,.537,47.3,49.2,11.9,7.6,.497,17.2,27.0,.255
124,Indiana,32,22,10,.688,15.65,9.07,,12,8,,15,2,,5,7,,2403,2182,,68.4,109.3,.305,.265,.566,51.8,53.9,8.3,13.8,.540,15.1,28.3,.217
125,Indiana State,34,22,12,.647,5.77,-3.53,,13,7,,11,4,,7,6,,2700,2356,,71.2,111.1,.313,.461,.596,51.6,56.9,9.2,5.0,.564,15.0,22.2,.241
126,Iona,34,27,7,.794,7.95,-3.43,,17,3,,11,1,,8,4,,2597,2210,,68.9,110.5,.290,.321,.549,50.8,53.4,10.8,14.9,.518,13.2,32.0,.212
127,Iowa,32,19,13,.594,14.62,8.81,,11,9,,14,3,,4,7,,2567,2381,,69.6,113.9,.326,.374,.553,51.2,58.1,9.4,8.5,.519,12.0,32.2,.240
128,Iowa State,31,19,12,.613,16.53,10.84,,9,9,,13,3,,3,8,,2132,1937,,65.8,103.7,.279,.342,.533,52.6,55.4,13.3,11.2,.509,16.6,33.7,.188
129,IUPUI,32,5,27,.156,-18.70,-5.26,,2,18,,4,9,,0,15,,2089,2456,,67.7,96.0,.313,.286,.529,48.9,45.5,8.5,7.2,.500,20.4,29.3,.216
130,Jackson State,33,14,19,.424,-10.91,-4.94,,12,6,,7,2,,6,14,,2232,2429,,69.8,95.8,.330,.340,.505,51.1,50.8,10.6,7.2,.473,18.9,33.1,.222
131,Jacksonville,29,13,16,.448,-6.24,-2.58,,6,12,,7,6,,6,10,,1837,1816,,62.0,102.2,.232,.387,.545,51.8,54.8,8.2,8.5,.517,16.5,25.2,.174
132,Jacksonville State,31,13,18,.419,-6.56,-2.49,,6,12,,9,5,,3,12,,2166,2178,,66.5,104.6,.328,.438,.550,52.9,51.0,8.3,8.0,.521,17.2,30.4,.229
133,James Madison,33,22,11,.667,5.15,-2.12,,12,6,,11,3,,8,6,,2658,2246,,72.2,109.8,.370,.372,.560,52.7,47.6,12.3,7.3,.527,15.5,32.8,.262
134,Kansas,32,26,6,.813,19.81,12.81,,13,5,,15,1,,7,4,,2421,2176,,70.2,106.9,.297,.341,.553,51.1,60.4,12.4,10.2,.525,15.1,28.6,.213
135,Kansas City,32,11,21,.344,-9.28,-2.78,,7,11,,6,8,,3,11,,2060,2199,,65.4,97.2,.324,.361,.484,52.6,41.5,9.1,11.3,.443,16.9,36.5,.231
136,Kansas State,32,23,9,.719,16.31,9.84,,11,7,,16,1,,4,7,,2416,2209,,70.7,105.1,.370,.363,.556,51.6,64.0,10.7,7.7,.515,17.4,31.1,.277
137,Kennesaw State,34,26,8,.765,0.29,-2.62,,15,3,,15,1,,10,6,,2559,2343,,69.7,106.8,.363,.390,.558,50.9,54.2,11.3,8.2,.534,15.6,28.0,.240
138,Kent State,32,26,6,.813,8.09,-1.29,,15,3,,15,0,,9,6,,2433,2083,,69.8,108.6,.308,.387,.549,50.4,45.4,12.9,12.1,.518,14.3,30.4,.224
139,Kentucky,32,21,11,.656,15.24,8.21,,12,6,,14,4,,6,4,,2402,2177,,66.8,111.4,.325,.301,.542,56.3,55.7,9.6,10.2,.512,14.4,38.7,.228
140,La Salle,34,15,19,.441,-2.63,0.13,,7,11,,8,8,,5,8,,2374,2468,,68.5,100.9,.283,.356,.514,49.6,47.3,9.7,8.5,.485,15.6,30.5,.196
141,Lafayette,34,11,23,.324,-7.95,-4.66,,7,11,,5,7,,5,16,,2120,2232,,63.5,96.1,.245,.484,.505,48.1,68.8,8.9,9.4,.487,15.9,23.8,.153
142,Lamar,31,9,22,.290,-16.98,-7.23,,5,13,,6,9,,2,12,,2104,2311,,67.9,99.2,.325,.315,.516,50.2,53.7,9.4,10.1,.481,17.8,33.2,.229
143,Lehigh,30,16,14,.533,-9.09,-6.06,,11,7,,9,6,,7,8,,2094,2082,,69.7,100.1,.304,.344,.539,48.1,49.2,8.9,6.1,.503,15.4,20.1,.227
144,Liberty,34,26,8,.765,8.21,-2.70,,15,3,,18,1,,6,6,,2556,2062,,65.6,114.5,.258,.496,.592,53.1,60.5,9.8,6.7,.569,14.0,26.3,.189
145,Lindenwood,32,11,21,.344,-14.53,-6.08,,6,12,,9,4,,2,14,,2226,2362,,69.2,98.6,.278,.355,.525,47.7,46.8,9.0,9.4,.493,16.7,25.0,.202
146,Lipscomb,33,20,13,.606,-1.90,-3.97,,11,7,,13,2,,7,11,,2521,2343,,69.7,108.0,.250,.377,.568,52.3,49.4,7.6,7.5,.543,15.2,26.4,.186
147,Little Rock,31,10,21,.323,-12.40,-6.75,,6,12,,8,5,,2,16,,2337,2461,,72.9,102.6,.331,.297,.529,49.6,54.4,9.2,6.3,.492,15.9,29.7,.242
148,Long Beach State,33,17,16,.515,-0.21,-0.04,,11,9,,9,5,,6,9,,2524,2455,,72.6,102.6,.339,.237,.521,53.9,52.1,10.0,8.7,.490,16.1,35.0,.230
149,Long Island University,29,3,26,.103,-25.04,-6.36,,1,15,,2,10,,1,15,,1935,2319,,73.6,90.7,.318,.250,.499,48.1,58.3,9.0,8.5,.470,19.7,26.1,.210
150,Longwood,32,20,12,.625,-1.81,-6.41,,12,6,,12,3,,8,8,,2341,2119,,67.1,109.0,.330,.373,.551,52.4,47.9,9.6,7.2,.518,15.2,32.6,.238
151,Louisiana,33,26,7,.788,4.12,-0.91,,13,5,,14,0,,7,7,,2575,2304,,69.3,112.2,.371,.322,.571,54.8,51.4,10.3,7.7,.545,15.1,34.4,.254
152,Louisiana State,33,14,19,.424,3.84,6.96,,2,16,,10,8,,0,9,,2231,2334,,66.7,101.4,.337,.389,.513,50.7,52.9,10.1,8.1,.473,15.7,31.7,.243
153,Louisiana Tech,33,15,18,.455,-0.24,1.56,,7,13,,9,6,,4,11,,2383,2320,,67.7,104.3,.283,.422,.544,51.5,47.8,11.4,8.5,.515,17.1,31.6,.204
154,Louisiana-Monroe,32,11,21,.344,-8.32,-0.25,,7,11,,7,8,,4,10,,2157,2235,,67.2,99.1,.299,.371,.508,49.8,53.1,10.1,10.2,.473,16.0,29.7,.213
155,Louisville,32,4,28,.125,-5.35,6.50,,2,18,,4,13,,0,11,,2046,2425,,67.0,95.4,.329,.358,.520,49.2,41.8,6.8,8.0,.480,19.6,28.2,.244
156,Loyola (IL),31,10,21,.323,-4.45,0.65,,4,14,,6,8,,3,8,,2089,2247,,67.0,99.3,.311,.402,.556,48.8,56.5,8.3,8.9,.529,19.8,24.5,.217
157,Loyola (MD),33,13,20,.394,-11.99,-6.09,,7,11,,9,6,,3,13,,2222,2331,,66.8,100.4,.280,.385,.539,48.9,55.8,11.2,6.8,.520,17.8,27.4,.180
158,Loyola Marymount,31,19,12,.613,5.54,4.88,,9,7,,13,3,,4,7,,2335,2265,,69.1,107.7,.311,.433,.556,53.2,44.0,7.8,7.3,.533,15.9,30.9,.209
159,Maine,30,13,17,.433,-8.90,-4.68,,7,9,,8,4,,5,12,,2054,2091,,67.0,100.9,.231,.348,.541,47.3,52.9,14.0,5.9,.516,16.3,23.6,.168
160,Manhattan,30,12,18,.400,-9.90,-4.97,,10,10,,5,9,,6,7,,2016,2112,,67.2,98.0,.309,.366,.523,46.7,50.5,11.0,9.6,.497,17.4,26.9,.204
161,Marist,33,13,20,.394,-8.43,-5.67,,6,14,,5,10,,4,9,,2110,2201,,65.5,97.2,.289,.424,.510,48.9,47.9,9.0,10.5,.479,15.9,25.9,.202
162,Marquette,32,26,6,.813,17.28,7.93,,17,3,,17,1,,8,4,,2583,2281,,70.0,113.4,.271,.414,.586,47.5,59.8,13.7,8.9,.564,13.8,26.7,.193
163,Marshall,32,24,8,.750,7.38,-2.59,,13,5,,15,2,,9,5,,2616,2281,,72.7,111.1,.258,.368,.550,50.3,56.9,12.2,12.8,.527,13.5,32.4,.179
164,Maryland,33,21,12,.636,15.11,7.90,,11,9,,16,1,,2,9,,2322,2084,,64.5,108.6,.338,.375,.548,51.6,46.3,8.3,9.9,.511,14.1,30.2,.250
165,Maryland-Baltimore County,32,18,14,.563,-6.29,-7.03,,8,8,,13,4,,5,10,,2378,2328,,68.4,108.2,.265,.390,.547,49.5,52.5,8.2,7.0,.517,12.9,26.5,.198
166,Maryland-Eastern Shore,30,18,12,.600,-7.51,-5.37,,9,5,,10,3,,7,9,,2107,1980,,71.4,98.0,.291,.399,.528,48.6,54.2,15.4,5.6,.497,18.0,28.6,.208
167,Massachusetts,31,15,16,.484,-1.22,0.43,,6,12,,8,6,,3,8,,2163,2214,,70.7,98.8,.322,.297,.502,52.6,54.6,9.6,11.2,.464,17.1,34.5,.231
168,Massachusetts-Lowell,33,26,7,.788,0.54,-8.61,,11,5,,17,0,,9,8,,2594,2171,,69.8,112.1,.330,.308,.577,56.0,50.3,10.1,12.6,.546,16.8,36.6,.244
169,McNeese State,34,11,23,.324,-13.17,-5.02,,6,12,,6,8,,5,15,,2352,2565,,67.9,100.8,.287,.398,.520,50.6,44.9,10.5,5.2,.496,18.1,33.9,.190
170,Memphis,31,23,8,.742,14.43,6.64,,13,5,,13,2,,7,5,,2463,2251,,72.6,108.1,.360,.283,.566,50.8,54.3,12.1,13.2,.530,16.3,31.3,.267
171,Mercer,33,14,19,.424,-5.00,-3.87,,6,12,,7,7,,4,10,,2268,2211,,65.5,103.8,.284,.311,.530,51.8,49.6,8.5,6.0,.503,15.2,31.0,.196
172,Merrimack,34,18,16,.529,-11.56,-9.50,,12,4,,10,6,,8,8,,2128,2119,,67.1,93.2,.343,.440,.524,43.4,58.6,16.6,11.2,.491,19.1,20.8,.237
173,Miami (FL),32,25,7,.781,12.44,5.16,,15,5,,16,1,,7,4,,2541,2308,,69.0,114.7,.300,.346,.583,52.0,51.6,10.6,8.8,.550,14.3,32.0,.233
174,Miami (OH),32,12,20,.375,-7.04,-2.00,,6,12,,9,9,,3,9,,2357,2385,,69.4,105.7,.313,.405,.565,48.5,53.0,8.7,8.1,.526,17.3,27.6,.246
175,Michigan,32,17,15,.531,12.69,9.01,,11,9,,12,4,,3,7,,2339,2221,,67.3,106.0,.308,.376,.541,50.5,46.3,7.0,11.7,.512,13.1,25.4,.216
176,Michigan State,30,19,11,.633,14.07,11.23,,11,8,,12,2,,5,7,,2119,2021,,65.6,106.3,.256,.332,.550,52.2,58.0,7.0,7.9,.519,14.6,27.3,.196
177,Middle Tennessee,32,19,13,.594,2.63,1.76,,11,9,,12,2,,3,11,,2248,2168,,67.1,103.9,.289,.356,.540,51.4,41.9,11.5,13.9,.516,17.2,32.8,.196
178,Milwaukee,32,21,11,.656,-4.49,-3.97,,14,6,,15,3,,6,7,,2507,2363,,72.4,106.5,.331,.376,.559,52.0,50.8,9.5,14.9,.526,17.8,33.9,.242
179,Minnesota,31,9,22,.290,0.06,8.22,,2,17,,6,11,,1,9,,1949,2202,,65.4,95.4,.308,.355,.511,47.5,63.1,7.0,9.7,.490,17.4,25.0,.191
180,Mississippi,33,12,21,.364,6.21,7.79,,3,15,,7,10,,2,9,,2227,2279,,66.6,100.9,.292,.347,.506,51.1,52.9,10.6,10.0,.475,15.4,33.3,.203
181,Mississippi State,33,21,12,.636,12.05,7.14,,8,10,,12,4,,4,6,,2175,2013,,65.0,99.9,.346,.345,.499,52.7,59.1,13.4,11.2,.469,16.1,35.2,.224
182,Mississippi Valley State,32,5,27,.156,-17.80,-4.08,,4,14,,4,6,,1,19,,1953,2392,,68.2,88.7,.380,.276,.492,47.6,47.0,11.0,6.0,.454,20.7,28.6,.253
183,Missouri,31,23,8,.742,12.19,7.29,,11,7,,16,3,,5,5,,2483,2318,,70.3,113.1,.303,.435,.586,45.0,57.4,14.8,8.9,.555,14.4,27.5,.229
184,Missouri State,32,17,15,.531,0.84,-0.52,,12,8,,10,4,,5,8,,2098,2021,,63.0,102.9,.270,.432,.524,53.0,48.4,9.8,13.4,.506,16.4,33.5,.169
185,Monmouth,33,7,26,.212,-15.63,-2.60,,5,13,,3,10,,3,15,,2036,2466,,68.4,90.2,.331,.251,.474,47.6,52.9,12.3,8.5,.438,18.1,30.3,.221
186,Montana,31,17,14,.548,-0.81,-1.51,,10,7,,9,4,,6,9,,2147,2114,,64.1,107.6,.292,.398,.571,50.1,49.6,7.3,7.0,.536,15.6,24.5,.230
187,Montana State,34,25,9,.735,2.40,-1.69,,15,3,,12,1,,10,5,,2523,2265,,67.9,108.5,.437,.341,.573,51.9,49.6,9.5,8.5,.526,15.3,26.6,.332
188,Morehead State,32,21,11,.656,-7.61,-5.93,,14,4,,14,2,,7,8,,2247,2125,,67.0,104.4,.357,.376,.544,53.0,56.7,8.6,10.2,.508,15.8,29.0,.256
189,Morgan State,31,15,16,.484,-11.46,-5.98,,8,7,,10,2,,3,12,,2323,2242,,73.8,100.3,.297,.293,.533,47.6,55.5,13.1,11.6,.505,18.7,31.7,.205
190,Mount St. Mary's,33,13,20,.394,-8.02,-3.86,,8,12,,5,9,,7,10,,2101,2212,,65.8,96.0,.255,.342,.515,49.4,53.2,8.3,6.8,.485,18.1,27.8,.186
191,Murray State,32,17,15,.531,-4.00,-1.16,,11,9,,11,2,,3,11,,2254,2305,,66.9,104.1,.333,.325,.534,50.4,48.6,8.0,7.4,.495,14.2,27.6,.245
192,Navy,31,18,13,.581,-2.79,-6.13,,11,7,,9,6,,9,7,,2152,2013,,64.9,106.1,.235,.363,.543,51.4,56.8,10.6,8.2,.521,15.2,30.1,.166
193,NC State,33,23,10,.697,12.63,5.23,,12,8,,15,2,,4,6,,2580,2336,,69.9,111.5,.253,.376,.544,51.2,45.0,11.3,12.1,.518,11.7,30.7,.182
194,Nebraska,32,16,16,.500,7.40,9.30,,9,11,,11,4,,4,9,,2175,2236,,67.2,99.5,.282,.367,.536,49.3,51.0,8.1,7.2,.517,16.7,24.7,.180
195,Nevada,32,22,10,.688,11.36,6.84,,12,6,,14,1,,6,7,,2324,2140,,66.4,107.2,.398,.377,.561,49.9,58.8,9.0,9.8,.509,13.7,23.0,.315
196,Nevada-Las Vegas,32,19,13,.594,7.87,5.84,,7,11,,10,7,,5,6,,2376,2241,,69.6,104.6,.347,.396,.538,48.1,50.2,12.8,12.3,.501,15.1,28.5,.251
197,New Hampshire,30,15,15,.500,-9.09,-5.73,,9,7,,11,4,,4,11,,1992,2011,,65.7,100.2,.290,.415,.500,49.2,50.3,8.1,6.7,.469,13.0,27.0,.201
198,New Mexico,33,22,11,.667,11.93,5.72,,8,10,,15,4,,5,6,,2680,2442,,71.8,111.8,.396,.269,.571,51.6,47.3,9.2,10.4,.532,13.7,28.5,.294
199,New Mexico State,24,9,15,.375,-1.27,2.73,,2,10,,6,4,,1,9,,1769,1720,,71.6,102.9,.336,.374,.535,51.4,46.1,10.2,7.3,.506,15.6,29.0,.229
200,New Orleans,32,12,20,.375,-13.83,-6.96,,7,11,,6,9,,4,10,,2340,2536,,72.5,100.1,.378,.291,.556,48.7,55.9,9.2,5.9,.522,20.6,29.6,.268
201,Niagara,31,16,15,.516,-6.66,-4.46,,10,10,,9,4,,4,10,,2016,2044,,63.7,101.4,.293,.347,.539,49.9,46.1,8.3,6.1,.508,16.3,26.9,.212
202,Nicholls State,31,16,15,.516,-8.05,-5.19,,12,7,,11,3,,5,11,,2344,2253,,72.7,103.9,.274,.361,.536,49.1,48.9,13.4,9.1,.517,16.1,31.0,.177
203,NJIT,30,7,23,.233,-12.64,-5.67,,4,12,,5,8,,2,15,,2008,2182,,66.6,98.9,.281,.324,.511,47.8,45.2,7.9,7.7,.486,14.5,24.3,.187
204,Norfolk State,32,22,10,.688,-3.44,-6.33,,9,5,,10,2,,6,8,,2437,2199,,68.3,110.6,.379,.362,.575,53.7,48.7,10.2,12.7,.537,16.8,34.5,.282
205,North Alabama,32,18,14,.563,-8.27,-4.16,,10,8,,9,4,,8,10,,2396,2380,,69.3,106.8,.304,.350,.556,49.2,42.7,8.3,7.8,.528,14.2,24.9,.216
206,North Carolina,33,20,13,.606,13.03,7.76,,11,9,,12,3,,4,7,,2514,2340,,69.3,107.8,.370,.376,.535,53.6,45.8,7.6,9.3,.492,13.1,30.4,.274
207,North Carolina A&T,32,13,19,.406,-11.21,-3.76,,8,10,,8,5,,4,10,,2264,2362,,70.7,99.3,.297,.407,.514,47.5,46.5,10.5,8.0,.485,14.9,25.0,.202
208,North Carolina Central,30,18,12,.600,-2.77,-5.96,,10,4,,13,1,,4,10,,2268,1977,,70.2,106.0,.342,.353,.562,52.6,53.9,11.2,9.3,.533,18.5,32.9,.240
209,North Dakota,33,13,20,.394,-7.11,-2.60,,6,12,,8,8,,4,11,,2380,2438,,68.2,105.0,.271,.446,.542,48.7,45.9,6.4,6.6,.519,14.7,25.9,.185
210,North Dakota State,33,16,17,.485,-4.02,-1.57,,11,7,,9,4,,5,10,,2404,2414,,69.3,105.2,.314,.386,.549,52.1,42.7,5.7,7.6,.520,14.8,25.4,.223
211,North Florida,31,14,17,.452,-6.60,-2.39,,9,9,,11,2,,3,14,,2363,2405,,69.1,108.5,.277,.479,.568,47.8,48.4,7.1,8.4,.543,15.4,26.1,.199
212,North Texas,32,26,6,.813,9.49,1.62,,16,4,,12,2,,9,3,,2050,1763,,59.1,107.2,.323,.405,.546,54.2,50.3,10.7,9.4,.509,16.9,35.1,.242
213,Northeastern,30,10,20,.333,-10.36,-4.00,,6,12,,6,6,,3,12,,1959,2150,,67.1,96.5,.278,.373,.508,52.2,52.9,7.3,10.0,.480,18.3,31.7,.190
214,Northern Arizona,35,12,23,.343,-3.68,-0.01,,5,13,,6,8,,3,13,,2581,2615,,68.0,106.9,.271,.384,.538,50.0,52.0,7.7,4.5,.508,13.6,28.0,.201
215,Northern Colorado,32,12,20,.375,-4.22,-0.22,,6,12,,6,7,,3,12,,2355,2480,,69.3,105.3,.319,.402,.555,48.9,43.9,6.6,4.2,.520,15.3,24.2,.238
216,Northern Illinois,32,13,19,.406,-6.17,-2.27,,9,9,,5,7,,7,10,,2304,2401,,70.9,101.1,.333,.373,.548,46.8,48.0,9.1,6.2,.526,17.9,25.2,.217
217,Northern Iowa,32,14,18,.438,-2.19,-0.58,,9,11,,8,8,,4,7,,2244,2238,,67.8,102.6,.310,.391,.547,49.9,45.9,9.3,4.8,.520,15.8,22.9,.216
218,Northern Kentucky,34,22,12,.647,-0.96,-3.43,,14,6,,14,3,,6,6,,2320,2161,,63.6,105.4,.283,.412,.530,49.2,55.4,14.5,8.2,.504,15.1,32.0,.196
219,Northwestern,31,21,10,.677,13.60,8.41,,12,8,,13,5,,7,4,,2100,1932,,65.2,103.1,.296,.413,.514,49.7,54.9,12.1,13.8,.476,13.1,28.3,.222
220,Northwestern State,33,22,11,.667,-4.31,-6.62,,13,5,,10,3,,10,7,,2463,2378,,68.4,108.3,.270,.380,.539,48.6,46.1,12.0,6.6,.513,14.7,32.9,.190
221,Notre Dame,32,11,21,.344,2.12,4.62,,3,17,,11,8,,0,10,,2227,2307,,65.4,105.9,.233,.430,.548,46.4,46.8,7.1,7.3,.520,12.1,19.6,.178
222,Oakland,32,13,19,.406,-7.76,-2.60,,11,9,,8,6,,5,10,,2347,2442,,69.0,104.3,.319,.398,.539,45.4,46.7,10.6,7.1,.496,13.5,24.4,.248
223,Ohio,32,19,13,.594,1.47,-2.28,,10,8,,14,1,,4,11,,2527,2331,,69.6,113.0,.279,.382,.560,52.0,44.2,9.5,6.2,.532,13.5,32.8,.204
224,Ohio State,33,15,18,.455,13.27,9.73,,5,15,,10,6,,1,10,,2404,2276,,66.2,109.3,.265,.312,.549,52.4,42.4,8.0,10.0,.520,14.2,32.1,.197
225,Oklahoma,32,15,17,.469,11.97,11.84,,5,13,,9,7,,2,8,,2165,2161,,66.4,101.1,.301,.374,.555,50.0,53.3,8.5,7.6,.524,18.0,23.7,.221
226,Oklahoma State,33,18,15,.545,13.52,11.16,,8,10,,11,5,,4,7,,2259,2181,,68.3,99.8,.329,.394,.525,52.2,51.6,8.3,13.7,.493,17.9,31.9,.228
227,Old Dominion,31,19,12,.613,-0.20,-0.43,,11,7,,12,4,,6,5,,2073,2052,,65.6,101.5,.367,.297,.501,51.9,44.6,9.6,11.7,.464,14.4,32.8,.249
228,Omaha,32,9,23,.281,-10.36,-1.39,,4,14,,5,7,,1,15,,2192,2438,,68.3,99.9,.296,.299,.532,48.1,47.7,7.8,8.4,.492,16.3,24.3,.230
229,Oral Roberts,34,30,4,.882,9.61,-2.92,,18,0,,16,0,,11,4,,2864,2384,,71.7,117.5,.249,.459,.591,50.3,48.5,9.6,14.2,.564,11.7,25.4,.193
230,Oregon,33,19,14,.576,13.61,10.00,,12,8,,13,5,,4,6,,2332,2213,,66.2,106.3,.312,.390,.542,53.9,51.7,8.5,13.1,.511,15.7,32.8,.221
231,Oregon State,32,11,21,.344,0.52,7.04,,5,15,,10,7,,1,10,,1959,2144,,65.1,94.0,.335,.367,.513,48.1,48.2,8.3,9.1,.469,18.4,25.2,.252
232,Pacific,33,15,18,.455,-0.03,2.58,,7,9,,7,10,,7,7,,2502,2565,,70.8,106.3,.339,.396,.561,46.1,48.3,7.6,7.3,.529,14.9,23.4,.244
233,Penn State,32,20,12,.625,12.68,8.59,,10,10,,13,4,,4,7,,2322,2189,,64.2,110.8,.194,.479,.579,48.0,53.1,6.9,6.3,.562,12.3,18.4,.142
234,Pennsylvania,29,17,12,.586,0.68,-1.29,,9,5,,11,4,,6,9,,2179,2083,,68.0,108.6,.297,.391,.566,53.0,54.6,7.9,9.4,.535,16.2,30.4,.221
235,Pepperdine,31,9,22,.290,0.41,5.24,,2,14,,8,8,,0,12,,2417,2520,,73.9,103.8,.268,.362,.555,49.1,52.2,7.2,8.9,.531,16.7,26.1,.191
236,Pittsburgh,33,22,11,.667,9.94,4.30,,14,6,,14,3,,7,5,,2512,2326,,68.1,111.7,.324,.441,.568,51.7,54.7,7.6,11.5,.532,14.3,30.4,.246
237,Portland,33,14,19,.424,2.17,4.62,,5,11,,10,7,,2,10,,2566,2594,,71.1,108.5,.421,.460,.582,48.1,58.4,6.9,6.5,.541,16.0,24.6,.314
238,Portland State,31,12,19,.387,-4.80,-0.21,,6,11,,6,7,,5,9,,2363,2340,,72.3,105.4,.338,.369,.546,46.7,51.6,9.8,9.5,.510,14.8,26.0,.246
239,Prairie View,33,13,20,.394,-8.77,-6.45,,9,10,,9,4,,4,14,,2226,2256,,69.7,95.0,.331,.328,.488,51.4,45.4,10.5,10.2,.451,16.5,32.3,.228
240,Presbyterian,32,5,27,.156,-13.58,-5.04,,1,17,,5,9,,0,15,,2021,2223,,65.1,96.2,.369,.360,.503,49.9,47.9,8.4,9.0,.476,17.6,30.7,.231
241,Princeton,27,19,8,.704,2.63,-3.33,,10,4,,11,3,,7,4,,2053,1853,,69.7,107.7,.315,.420,.559,54.5,50.2,7.3,8.2,.531,15.9,29.0,.224
242,Providence,32,21,11,.656,12.88,6.10,,13,7,,15,2,,6,6,,2499,2282,,68.4,112.1,.368,.316,.555,54.6,53.4,9.9,11.5,.515,14.3,35.3,.274
243,Purdue,31,26,5,.839,19.55,8.94,,15,5,,14,2,,8,3,,2268,1937,,64.3,113.3,.368,.381,.562,58.4,60.1,7.6,10.1,.523,14.7,38.5,.275
244,Purdue-Fort Wayne,32,17,15,.531,-5.18,-4.68,,9,11,,9,6,,7,8,,2364,2234,,70.4,104.6,.286,.467,.546,50.7,50.0,10.4,6.4,.519,16.3,27.6,.201
245,Queens (NC),33,18,15,.545,-4.26,-4.36,,7,11,,8,5,,7,10,,2564,2463,,71.0,109.5,.353,.442,.555,52.5,51.9,8.7,5.6,.521,15.1,31.1,.254
246,Quinnipiac,32,20,12,.625,-2.39,-5.17,,11,9,,9,4,,9,6,,2335,2231,,69.3,104.0,.330,.380,.529,52.3,50.7,8.7,6.7,.502,15.5,32.1,.220
247,Radford,33,19,14,.576,-2.45,-4.49,,12,6,,10,3,,7,10,,2301,2142,,65.3,106.8,.301,.331,.547,51.6,45.9,10.9,8.9,.521,15.7,31.1,.208
248,Rhode Island,31,9,22,.290,-3.98,0.67,,5,13,,7,9,,1,10,,2046,2190,,68.3,95.4,.370,.313,.493,50.7,49.9,9.3,10.0,.442,17.4,31.6,.275
249,Rice,33,18,15,.545,-2.73,0.97,,8,12,,11,7,,6,7,,2530,2521,,70.8,106.6,.315,.433,.575,50.2,56.8,8.0,6.3,.545,16.5,23.9,.232
250,Richmond,33,15,18,.455,1.60,0.51,,7,11,,12,4,,1,11,,2273,2237,,66.4,102.2,.330,.441,.549,48.4,51.1,8.5,6.9,.512,15.5,21.0,.246
251,Rider,30,16,14,.533,-3.39,-4.81,,13,7,,8,5,,8,6,,2105,2027,,65.1,106.5,.288,.257,.530,53.4,43.0,8.1,7.2,.497,14.8,34.0,.211
252,Robert Morris,33,16,17,.485,-5.58,-5.32,,10,10,,11,4,,5,10,,2287,2205,,67.4,102.5,.265,.369,.533,50.8,54.1,9.9,10.9,.505,16.8,29.6,.191
253,Rutgers,32,19,13,.594,15.08,7.54,,10,10,,14,5,,4,7,,2175,1921,,66.4,102.0,.288,.302,.509,52.1,59.4,13.2,12.6,.477,14.8,31.8,.202
254,Sacramento State,32,14,18,.438,-4.28,-1.25,,7,11,,9,4,,5,10,,2114,2169,,63.3,102.3,.279,.359,.533,54.6,56.0,6.9,6.8,.506,17.7,33.1,.195
255,Sacred Heart,33,16,17,.485,-13.18,-11.31,,8,8,,9,6,,7,11,,2332,2351,,70.4,99.7,.276,.365,.515,49.0,51.4,11.1,8.7,.489,16.2,28.8,.187
256,Saint Francis (PA),31,13,18,.419,-13.90,-9.76,,9,7,,10,5,,3,13,,2263,2286,,69.2,105.0,.320,.360,.558,49.4,52.9,6.4,5.3,.530,16.2,25.9,.226
257,Saint Joseph's,33,16,17,.485,-0.19,-0.16,,8,10,,10,6,,4,7,,2388,2389,,69.4,103.5,.342,.459,.535,48.9,48.8,9.4,9.6,.502,15.9,28.9,.241
258,Saint Louis,32,21,11,.656,6.31,3.12,,12,6,,15,3,,4,7,,2415,2258,,69.8,108.2,.292,.327,.555,53.3,59.3,7.2,10.5,.525,15.0,30.2,.215
259,Saint Mary's (CA),33,26,7,.788,18.12,7.15,,14,2,,16,2,,6,2,,2355,1984,,63.8,110.6,.312,.372,.553,55.6,48.8,10.6,9.9,.527,14.2,33.4,.216
260,Saint Peter's,32,14,18,.438,-9.90,-5.25,,7,13,,8,6,,4,11,,1986,2083,,63.2,97.5,.289,.354,.477,51.9,46.9,9.8,10.3,.443,15.9,36.8,.199
261,Sam Houston State,32,25,7,.781,7.93,0.79,,14,4,,12,1,,10,5,,2341,1884,,66.9,108.5,.302,.373,.554,54.9,52.0,12.5,8.2,.530,16.7,34.3,.206
262,Samford,32,21,11,.656,0.67,-4.18,,15,3,,13,3,,8,7,,2519,2290,,69.9,110.9,.412,.448,.575,51.6,45.0,11.4,8.3,.533,15.6,29.3,.308
263,San Diego,31,11,20,.355,-1.58,3.77,,4,12,,8,9,,3,8,,2391,2495,,70.4,108.6,.312,.367,.553,48.8,46.9,9.4,5.2,.516,14.1,28.7,.239
264,San Diego State,32,26,6,.813,15.98,8.45,,15,3,,15,1,,8,2,,2316,2042,,66.6,107.8,.334,.358,.548,53.3,53.2,10.7,11.4,.513,15.3,32.0,.244
265,San Francisco,34,20,14,.588,6.55,4.19,,7,9,,11,5,,5,6,,2591,2496,,70.4,107.4,.322,.489,.569,51.3,49.4,9.5,6.7,.535,17.1,28.9,.241
266,San Jose State,33,20,13,.606,5.96,5.74,,10,8,,12,3,,5,8,,2228,2199,,63.3,105.5,.267,.411,.527,55.5,49.8,6.3,11.6,.504,15.7,35.1,.180
267,Santa Clara,32,23,9,.719,9.20,5.52,,11,5,,14,4,,6,3,,2482,2355,,71.4,107.4,.301,.367,.550,53.3,49.9,8.3,10.0,.523,15.0,30.0,.212
268,Seattle,32,20,12,.625,1.17,0.94,,11,7,,12,2,,7,7,,2303,2209,,70.8,101.3,.325,.445,.511,51.3,48.5,8.6,8.2,.473,14.5,29.9,.233
269,Seton Hall,32,17,15,.531,11.00,8.39,,10,10,,10,6,,6,6,,2192,2084,,67.9,100.9,.410,.329,.532,50.9,51.0,12.3,12.6,.496,17.9,31.3,.279
270,Siena,32,17,15,.531,-3.36,-4.74,,11,9,,8,5,,7,8,,2195,2151,,66.6,101.8,.345,.345,.533,51.9,53.4,8.4,10.6,.493,16.9,30.5,.254
271,South Alabama,35,19,16,.543,3.81,-0.25,,9,9,,10,4,,4,10,,2483,2282,,66.7,106.0,.220,.378,.552,47.7,41.8,9.0,10.4,.534,13.2,21.1,.151
272,South Carolina,32,11,21,.344,-1.88,6.41,,4,14,,7,8,,4,8,,2059,2324,,65.1,97.3,.268,.409,.495,49.3,47.7,7.4,7.1,.469,16.8,32.7,.177
273,South Carolina State,31,5,26,.161,-16.56,-3.96,,2,12,,4,6,,1,19,,2274,2599,,73.7,98.7,.290,.339,.505,48.8,51.9,9.7,8.8,.477,17.7,34.7,.194
274,South Carolina Upstate,31,16,15,.516,-7.64,-4.05,,10,8,,11,2,,4,12,,2136,2158,,68.4,100.4,.329,.350,.542,47.3,47.2,10.8,12.8,.519,17.4,25.3,.216
275,South Dakota,31,12,19,.387,-9.41,-2.86,,7,11,,8,6,,2,11,,2149,2282,,67.0,103.6,.272,.403,.544,49.5,51.0,6.7,4.4,.510,15.4,25.6,.208
276,South Dakota State,32,19,13,.594,-1.34,-1.60,,13,5,,10,2,,6,9,,2270,2233,,67.9,103.6,.280,.388,.555,48.8,42.0,7.6,8.3,.518,15.4,21.5,.222
277,South Florida,32,14,18,.438,2.15,2.15,,7,11,,9,9,,4,7,,2303,2303,,69.6,103.0,.307,.371,.531,52.4,50.8,9.3,8.8,.508,16.8,33.0,.200
278,Southeast Missouri State,35,19,16,.543,-7.19,-6.70,,10,8,,9,4,,5,11,,2718,2659,,73.8,103.3,.379,.398,.540,49.4,51.6,9.1,8.7,.501,15.4,26.8,.271
279,Southeastern Louisiana,32,18,14,.563,-7.64,-6.36,,12,6,,10,4,,7,8,,2483,2432,,70.4,108.1,.317,.346,.556,49.4,51.0,10.1,5.3,.522,14.9,28.9,.235
280,Southern,32,15,17,.469,-8.18,-6.11,,11,7,,9,2,,5,12,,2300,2280,,72.9,97.8,.335,.394,.530,47.7,56.1,11.8,7.4,.495,17.7,25.1,.239
281,Southern California,32,22,10,.688,13.76,8.23,,14,6,,15,2,,5,5,,2329,2152,,68.4,106.0,.338,.330,.551,49.6,51.7,10.2,13.7,.513,15.9,29.0,.252
282,Southern Illinois,33,23,10,.697,1.64,-1.64,,14,6,,13,2,,8,6,,2168,2026,,64.8,101.0,.299,.463,.553,49.4,59.7,11.1,6.0,.524,17.4,22.9,.216
283,SIU Edwardsville,33,19,14,.576,-6.29,-7.35,,9,9,,9,5,,7,8,,2463,2353,,70.7,105.5,.400,.375,.540,51.1,48.8,9.8,11.4,.497,15.6,31.4,.292
284,Southern Indiana,32,16,16,.500,-8.26,-7.33,,9,9,,10,4,,5,11,,2448,2370,,70.8,106.9,.330,.427,.544,53.3,48.8,10.2,6.9,.517,16.1,33.1,.224
285,Southern Methodist,32,10,22,.313,0.34,5.66,,5,13,,7,9,,1,11,,2248,2418,,70.6,98.0,.330,.337,.506,48.2,53.8,9.9,9.0,.474,15.7,28.1,.223
286,Southern Mississippi,32,25,7,.781,4.26,-1.74,,14,4,,15,0,,8,6,,2376,2094,,68.6,108.2,.327,.364,.548,52.2,54.5,12.2,7.6,.517,14.9,32.2,.232
287,Southern Utah,34,22,12,.647,3.80,2.20,,12,6,,13,2,,5,8,,2805,2527,,73.6,110.4,.389,.385,.570,52.8,45.6,9.9,8.8,.533,15.4,29.6,.284
288,St. Bonaventure,32,14,18,.438,-1.09,-0.19,,8,10,,11,4,,2,11,,2136,2165,,66.7,99.3,.295,.362,.522,48.7,49.4,10.4,10.4,.492,16.5,27.5,.207
289,St. Francis (NY),30,14,16,.467,-17.02,-11.70,,7,9,,10,5,,4,11,,1946,2034,,67.1,96.3,.308,.339,.499,49.1,53.6,11.0,11.8,.464,17.5,31.5,.215
290,St. John's (NY),33,18,15,.545,8.58,6.43,,7,13,,12,6,,3,9,,2552,2481,,73.8,103.3,.277,.270,.522,52.9,51.5,11.0,10.0,.494,15.9,34.0,.194
291,St. Thomas,33,19,14,.576,-2.69,-4.23,,9,9,,12,2,,4,11,,2447,2316,,67.0,110.7,.307,.445,.564,48.1,50.3,8.9,6.5,.525,13.1,24.7,.241
292,Stanford,33,14,19,.424,10.05,8.08,,7,13,,9,6,,2,8,,2321,2256,,66.1,106.4,.294,.397,.550,52.2,58.5,8.6,9.8,.524,16.4,31.1,.204
293,Stephen F. Austin,32,19,13,.594,0.95,-0.47,,11,7,,12,4,,6,5,,2427,2238,,70.9,104.9,.373,.290,.562,50.8,55.6,12.3,7.6,.528,18.6,32.0,.267
294,Stetson,30,17,13,.567,-2.56,-2.56,,12,6,,9,3,,7,9,,2298,2200,,65.5,114.5,.245,.436,.577,50.9,50.4,7.6,8.8,.550,13.6,29.7,.189
295,Stonehill,31,14,17,.452,-13.25,-8.98,,10,6,,7,4,,6,12,,2076,2157,,67.5,98.0,.321,.415,.552,46.1,52.8,10.3,8.1,.514,18.1,19.9,.243
296,Stony Brook,33,11,22,.333,-12.41,-4.08,,6,12,,7,7,,3,13,,2083,2279,,65.1,96.7,.287,.452,.522,49.1,53.6,6.7,7.6,.486,17.1,23.0,.214
297,Syracuse,32,17,15,.531,5.39,4.18,,10,10,,11,7,,5,6,,2372,2333,,68.3,107.7,.306,.290,.550,49.0,52.7,10.9,15.7,.515,14.7,29.9,.229
298,Tarleton State,33,17,16,.515,-0.42,2.07,,8,9,,12,2,,2,12,,2376,2236,,69.3,103.5,.450,.257,.539,48.7,51.9,14.0,10.0,.497,15.7,28.0,.315
299,TCU,33,21,12,.636,16.26,8.98,,9,9,,13,4,,3,7,,2481,2241,,70.8,105.7,.339,.294,.534,50.8,58.6,11.6,12.5,.502,14.8,32.4,.238
300,Temple,31,16,15,.516,4.96,5.59,,10,8,,9,7,,6,6,,2173,2163,,67.0,102.5,.351,.437,.544,50.5,58.9,7.3,10.2,.501,17.3,28.5,.266
301,Tennessee,32,23,9,.719,21.91,8.15,,11,7,,14,2,,4,6,,2298,1836,,66.2,108.1,.311,.402,.534,54.9,66.5,12.7,12.1,.502,15.1,37.0,.221
302,Tennessee State,32,18,14,.563,-8.83,-8.76,,10,8,,13,4,,4,8,,2499,2401,,72.8,107.3,.359,.416,.552,50.3,49.2,8.0,9.0,.521,15.1,28.5,.249
303,Tennessee Tech,33,16,17,.485,-9.22,-6.18,,11,7,,11,5,,4,11,,2432,2421,,69.3,103.5,.290,.421,.543,48.4,55.3,8.8,6.5,.514,15.7,26.0,.208
304,Tennessee-Martin,33,19,14,.576,-8.49,-7.73,,10,8,,14,2,,4,11,,2658,2489,,73.5,108.3,.345,.375,.555,51.3,47.6,10.1,9.2,.521,14.1,28.6,.249
305,Texas,33,25,8,.758,21.31,10.87,,12,6,,17,1,,4,6,,2571,2236,,70.4,109.4,.319,.352,.562,49.4,57.3,11.4,10.5,.527,14.5,28.2,.240
306,Texas A&M,32,24,8,.750,15.10,7.28,,15,3,,15,1,,7,4,,2340,2094,,67.2,108.8,.462,.340,.546,53.8,52.8,10.2,8.1,.490,15.6,36.7,.352
307,Texas A&M-Commerce,33,13,20,.394,-10.60,-7.26,,10,10,,7,7,,7,12,,2362,2421,,66.8,104.8,.276,.459,.552,48.6,55.2,8.5,8.4,.528,16.5,27.4,.194
308,Texas A&M-Corpus Christi,33,23,10,.697,-2.31,-7.66,,14,4,,14,2,,7,7,,2653,2394,,71.6,111.4,.345,.346,.564,52.6,56.1,12.1,5.2,.521,15.4,33.5,.272
309,Texas Southern,32,12,20,.375,-9.45,-4.48,,7,11,,7,6,,3,13,,2226,2315,,71.1,95.6,.332,.282,.500,51.3,45.4,9.1,8.8,.470,17.4,30.4,.217
310,Texas State,35,16,19,.457,-2.06,-0.43,,6,12,,4,10,,7,7,,2309,2334,,64.9,101.7,.328,.261,.521,51.5,40.8,9.7,10.3,.482,15.6,31.5,.239
311,Texas Tech,32,16,16,.500,13.11,8.77,,5,13,,11,6,,3,7,,2347,2208,,68.9,105.7,.348,.368,.556,51.7,49.7,10.5,8.7,.523,17.3,32.1,.251
312,Texas-Rio Grande Valley,32,15,17,.469,-6.17,-0.25,,5,12,,12,6,,3,10,,2518,2502,,74.3,105.1,.433,.354,.564,52.4,58.2,6.3,8.3,.529,18.7,30.9,.302
313,The Citadel,32,10,22,.313,-11.97,-3.61,,5,13,,5,9,,4,11,,2158,2374,,68.2,98.9,.288,.393,.531,46.1,47.3,8.1,7.8,.496,16.2,21.8,.217
314,Toledo,33,27,6,.818,6.51,-2.35,,16,2,,13,1,,10,3,,2842,2518,,71.2,120.9,.352,.351,.604,50.6,50.2,9.8,7.6,.570,12.3,30.6,.272
315,Towson,33,21,12,.636,0.29,-4.74,,12,6,,10,2,,8,7,,2368,2202,,65.7,108.1,.298,.345,.540,54.4,53.6,9.4,10.2,.511,15.6,35.7,.211
316,Troy,33,20,13,.606,1.64,-0.99,,11,7,,11,3,,7,8,,2414,2204,,69.2,105.0,.325,.410,.538,50.3,52.1,12.5,7.4,.507,15.9,30.8,.228
317,Tulane,30,20,10,.667,5.83,3.05,,12,6,,12,3,,5,4,,2424,2298,,73.8,107.6,.354,.380,.574,45.5,56.5,11.3,11.0,.532,13.7,18.9,.277
318,Tulsa,30,5,25,.167,-8.04,4.10,,1,17,,4,10,,0,12,,1959,2323,,68.7,94.2,.267,.424,.502,45.2,48.7,7.9,4.1,.479,16.9,24.8,.173
319,UAB,33,24,9,.727,9.79,1.11,,14,6,,15,2,,6,5,,2721,2354,,71.3,112.3,.362,.317,.555,54.2,51.6,11.3,11.6,.518,14.9,36.6,.265
320,UC Davis,32,18,14,.563,0.14,-1.29,,11,8,,10,4,,5,9,,2392,2274,,70.9,104.2,.434,.346,.545,53.0,48.1,9.9,6.9,.503,17.7,33.7,.308
321,UC Irvine,34,23,11,.676,5.11,-0.61,,15,5,,11,4,,9,6,,2559,2268,,69.9,107.3,.296,.316,.560,52.6,53.5,9.9,6.5,.533,15.5,28.3,.213
322,UC Riverside,34,22,12,.647,1.18,0.12,,14,6,,9,4,,9,7,,2463,2352,,67.4,105.9,.257,.383,.536,53.7,49.7,7.5,4.7,.512,15.4,32.0,.179
323,UC San Diego,30,10,20,.333,-6.47,-0.29,,5,13,,4,10,,6,9,,2057,2189,,67.0,99.9,.274,.404,.529,47.6,48.5,8.4,5.8,.497,15.7,23.7,.203
324,UC Santa Barbara,34,27,7,.794,3.91,-2.16,,15,5,,12,3,,10,4,,2454,2231,,65.6,109.7,.348,.295,.577,51.5,53.6,9.8,6.8,.545,15.3,27.0,.253
325,UCLA,34,29,5,.853,22.60,8.99,,18,2,,17,0,,9,2,,2513,2050,,67.3,109.8,.271,.291,.537,52.7,50.9,12.5,11.9,.509,13.0,33.6,.196
326,UNC Asheville,34,27,7,.794,-1.48,-5.33,,16,2,,13,0,,10,6,,2551,2332,,69.5,106.4,.413,.374,.580,50.8,49.8,9.0,10.1,.550,17.9,26.4,.287
327,UNC Greensboro,32,20,12,.625,1.72,-2.85,,14,4,,11,3,,8,6,,2306,2064,,67.2,106.4,.321,.392,.546,52.6,57.0,10.5,7.8,.515,15.1,30.2,.229
328,UNC Wilmington,34,24,10,.706,-1.19,-3.07,,12,6,,11,3,,8,6,,2343,2187,,65.4,104.2,.380,.341,.542,50.5,44.9,10.2,8.4,.501,15.9,29.0,.277
329,UT Arlington,32,11,21,.344,-4.76,2.35,,6,12,,6,8,,4,9,,2125,2190,,67.6,97.9,.306,.345,.498,51.5,56.0,9.4,9.0,.470,17.2,34.5,.201
330,Utah,32,17,15,.531,11.89,5.99,,10,10,,13,5,,4,7,,2197,2043,,66.5,102.9,.292,.377,.521,52.8,58.4,7.5,10.1,.490,15.4,31.3,.207
331,Utah State,32,25,7,.781,15.26,7.29,,13,5,,14,2,,6,4,,2542,2246,,69.2,114.3,.350,.423,.605,53.0,62.4,7.4,8.5,.571,15.6,27.5,.269
332,Utah Tech,33,14,19,.424,0.16,1.33,,5,13,,9,5,,3,13,,2495,2420,,70.8,105.9,.437,.416,.573,51.5,52.4,9.3,6.4,.539,18.6,29.3,.307
333,Utah Valley,33,25,8,.758,7.28,0.91,,15,3,,13,1,,10,5,,2539,2244,,71.9,105.9,.365,.338,.558,52.3,59.1,9.1,16.1,.519,16.7,29.6,.271
334,UTEP,32,14,18,.438,-1.02,1.54,,7,13,,11,7,,3,10,,2192,2192,,68.3,97.7,.394,.302,.520,51.7,48.4,12.8,7.9,.493,19.3,33.2,.249
335,UTSA,32,10,22,.313,-8.02,0.88,,4,16,,8,10,,2,11,,2217,2450,,69.5,98.9,.361,.385,.518,48.9,44.6,6.1,6.6,.475,17.0,29.3,.265
336,Valparaiso,32,11,21,.344,-8.26,-2.30,,5,15,,8,7,,2,12,,2206,2355,,68.7,98.1,.282,.361,.525,49.3,53.6,8.3,7.0,.493,16.2,22.9,.205
337,Vanderbilt,33,20,13,.606,9.29,8.88,,11,7,,12,5,,5,6,,2390,2364,,66.9,107.4,.324,.422,.531,49.9,46.7,7.2,12.1,.497,13.5,31.3,.231
338,Vermont,32,22,10,.688,1.77,-3.67,,14,2,,13,1,,9,6,,2338,2139,,65.6,110.0,.284,.425,.574,49.4,51.2,8.9,8.1,.553,12.9,20.7,.198
339,Villanova,32,17,15,.531,10.79,8.67,,10,10,,10,4,,5,8,,2250,2168,,64.9,107.9,.306,.480,.567,49.1,47.3,8.5,5.2,.523,14.0,22.4,.253
340,Virginia,31,25,6,.806,13.69,6.13,,15,5,,15,1,,6,5,,2121,1869,,62.4,109.2,.345,.361,.548,50.1,66.0,11.1,13.5,.517,11.9,25.7,.241
341,Virginia Commonwealth,32,25,7,.781,9.84,1.41,,15,3,,15,3,,8,3,,2271,2005,,68.6,103.4,.421,.328,.555,50.2,52.4,13.2,12.7,.518,17.6,28.7,.296
342,VMI,32,7,25,.219,-16.12,-3.44,,2,16,,6,8,,1,14,,2220,2457,,67.5,101.9,.211,.458,.525,51.1,45.6,7.9,3.9,.496,16.3,30.4,.162
343,Virginia Tech,33,19,14,.576,9.58,5.13,,8,12,,13,4,,2,9,,2449,2302,,66.7,110.8,.264,.396,.568,49.9,56.9,7.9,8.5,.542,13.2,26.1,.194
344,Wagner,28,15,13,.536,-12.24,-11.27,,8,8,,8,4,,7,9,,1766,1727,,63.5,98.5,.248,.358,.486,53.7,51.8,10.5,5.8,.458,15.6,35.2,.169
345,Wake Forest,33,19,14,.576,8.24,5.43,,10,10,,13,3,,4,8,,2528,2435,,70.1,108.5,.321,.454,.574,49.7,50.6,8.5,7.4,.542,15.4,24.8,.239
346,Washington,32,16,16,.500,7.30,8.45,,8,12,,12,6,,2,9,,2213,2250,,69.2,98.4,.317,.366,.528,47.1,46.8,9.8,13.1,.488,17.6,26.4,.237
347,Washington State,33,17,16,.515,11.41,8.50,,11,9,,10,3,,5,8,,2250,2154,,64.6,105.1,.282,.431,.534,52.4,49.6,7.3,7.3,.504,15.8,31.8,.202
348,Weber State,33,18,15,.545,-2.61,-0.99,,12,6,,8,4,,8,8,,2219,2229,,65.7,100.5,.335,.375,.554,49.7,45.1,9.1,4.6,.514,17.4,21.3,.257
349,West Virginia,33,19,14,.576,16.53,11.26,,7,11,,13,4,,3,8,,2518,2344,,69.9,108.8,.397,.363,.558,52.0,50.6,9.5,8.7,.517,16.0,33.7,.294
350,Western Carolina,33,18,15,.545,-6.20,-4.17,,10,8,,9,5,,6,9,,2457,2340,,68.5,106.6,.340,.423,.539,51.4,49.5,7.8,6.4,.504,13.5,27.6,.244
351,Western Illinois,30,16,14,.533,-7.13,-4.28,,9,9,,11,4,,5,9,,2191,2171,,68.8,105.7,.319,.372,.542,49.9,51.6,8.4,9.0,.513,13.7,27.0,.223
352,Western Kentucky,33,17,16,.515,-1.17,0.74,,8,12,,9,5,,5,9,,2355,2330,,68.4,103.5,.315,.364,.537,48.3,49.6,9.0,15.0,.505,14.9,26.0,.224
353,Western Michigan,31,8,23,.258,-10.16,-1.95,,4,14,,7,7,,1,15,,2166,2295,,66.7,104.7,.265,.416,.529,53.4,50.4,6.9,6.4,.501,16.2,34.3,.189
354,Wichita State,32,17,15,.531,6.21,3.68,,9,9,,8,8,,7,4,,2272,2191,,67.8,103.1,.308,.372,.539,51.5,51.5,9.2,11.3,.507,16.0,29.1,.221
355,William & Mary,33,13,20,.394,-10.97,-4.17,,7,11,,11,5,,1,14,,2219,2320,,65.3,102.6,.306,.382,.530,49.6,50.7,9.2,5.7,.502,16.0,29.2,.208
356,Winthrop,32,15,17,.469,-6.58,-3.55,,10,8,,10,4,,4,11,,2360,2382,,67.8,108.4,.408,.453,.592,47.7,46.5,7.5,8.4,.556,18.3,26.5,.301
357,Wisconsin,31,17,14,.548,10.68,9.56,,9,11,,9,6,,5,6,,2013,1978,,63.1,100.5,.241,.405,.508,47.0,49.0,9.4,4.2,.485,12.0,22.4,.161
358,Wofford,33,17,16,.515,-4.83,-3.13,,8,10,,12,4,,4,11,,2466,2392,,66.4,110.8,.288,.390,.566,51.5,45.5,8.4,6.1,.537,14.2,29.8,.212
359,Wright State,33,18,15,.545,-2.10,-5.65,,10,10,,9,6,,7,8,,2637,2432,,72.0,108.5,.242,.276,.569,51.6,48.0,8.5,7.8,.546,15.3,27.3,.178
360,Wyoming,31,9,22,.290,2.64,6.74,,4,14,,7,8,,1,8,,2144,2234,,66.4,103.7,.332,.457,.551,49.3,46.6,7.3,7.5,.520,16.0,24.1,.236
361,Xavier,33,25,8,.758,16.42,9.07,,15,5,,15,2,,7,4,,2717,2453,,72.0,113.9,.312,.313,.587,54.1,63.8,9.2,7.9,.562,15.2,31.8,.225
362,Yale,27,20,7,.741,8.42,-2.43,,10,4,,10,1,,8,6,,2066,1692,,67.5,112.3,.300,.352,.568,54.8,51.3,9.5,12.1,.545,14.2,30.2,.208
363,Youngstown State,33,24,9,.727,1.73,-6.18,,15,5,,14,2,,9,6,,2721,2396,,69.5,116.4,.297,.353,.588,52.0,51.4,9.9,6.8,.556,13.7,31.3,.231