,,Overall,Overall,Overall,Overall,Overall,Overall,,Conf.,Conf.,,Home,Home,,Away,Away,,Points,Points,,Opponent Advanced,Opponent Advanced,Opponent Advanced,Opponent Advanced,Opponent Advanced,Opponent Advanced,Opponent Advanced,Opponent Advanced,Opponent Advanced,Opponent Advanced,Opponent Advanced,Opponent Advanced,Opponent Advanced
Rk,School,G,W,L,W-L%,SRS,SOS,,W,L,,W,L,,W,L,,Tm.,Opp.,,Pace,ORtg,FTr,3PAr,TS%,TRB%,AST%,STL%,BLK%,eFG%,TOV%,ORB%,FT/FGA
1,Abilene Christian,30,13,17,.433,-2.51,1.18,,5,11,,9,5,,4,8,,2249,2133,,70.9,99.5,.450,.339,.576,50.9,51.4,7.8,8.3,.538,22.2,26.5,.322
2,Air Force,32,14,18,.438,2.60,2.72,,5,13,,10,9,,4,9,,2142,2146,,63.6,104.2,.352,.329,.535,52.3,42.3,8.9,11.0,.493,14.9,28.6,.263
3,Akron,32,22,10,.688,4.62,-1.22,,13,5,,15,1,,5,6,,2390,2130,,67.0,98.6,.268,.356,.523,47.8,46.6,8.3,9.5,.491,16.4,25.7,.197
4,Alabama,32,27,5,.844,23.53,10.01,,16,2,,15,0,,9,3,,2640,2205,,72.9,92.3,.333,.306,.463,45.8,42.0,9.8,11.8,.418,13.9,27.5,.236
5,Alabama A&M,32,15,17,.469,-10.38,-7.31,,10,8,,9,8,,5,8,,2236,2266,,70.0,100.4,.401,.403,.533,52.3,54.2,11.1,9.0,.493,19.0,34.6,.283
6,Alabama State,31,8,23,.258,-15.97,-5.94,,6,12,,5,5,,2,18,,1963,2252,,68.6,105.5,.344,.345,.526,51.5,45.8,10.2,12.6,.494,15.1,33.9,.236
7,Albany (NY),31,8,23,.258,-14.37,-4.55,,3,13,,5,6,,2,16,,2086,2332,,67.9,110.4,.370,.335,.582,50.2,53.8,9.6,10.8,.550,15.4,26.3,.269
8,Alcorn State,31,18,13,.581,-8.40,-5.88,,15,3,,7,2,,10,9,,2112,2190,,68.0,102.2,.390,.403,.546,49.8,58.3,8.3,8.3,.514,18.4,31.3,.268
9,American,32,17,15,.531,-8.24,-7.71,,7,11,,8,6,,9,9,,2093,2110,,62.6,103.7,.321,.337,.550,49.0,52.3,13.0,7.2,.518,16.9,27.9,.232
10,Appalachian State,32,16,16,.500,-1.29,-0.77,,9,9,,10,7,,6,7,,2248,2067,,67.3,95.3,.244,.390,.495,50.2,50.2,8.8,6.7,.466,16.1,27.4,.174
11,Arizona,34,28,6,.824,20.00,8.83,,14,6,,15,2,,6,4,,2811,2431,,72.9,98.1,.260,.387,.503,45.7,49.4,10.8,9.3,.472,14.8,26.2,.186
12,Arizona State,34,22,12,.647,11.03,8.41,,11,9,,10,5,,7,6,,2391,2302,,69.2,96.8,.334,.391,.501,51.3,53.9,8.8,8.3,.464,17.6,31.8,.234
13,Arkansas,33,20,13,.606,16.64,9.61,,8,10,,14,3,,2,8,,2456,2224,,70.1,95.7,.389,.301,.510,48.2,44.2,9.4,6.7,.465,17.8,28.2,.278
14,Arkansas State,33,13,20,.394,-7.78,-3.01,,4,14,,10,8,,2,11,,2169,2232,,64.8,103.9,.346,.336,.540,49.7,48.6,9.3,9.3,.500,15.6,27.6,.257
15,Arkansas-Pine Bluff,31,10,21,.323,-12.49,-4.86,,6,12,,8,5,,2,16,,2074,2162,,71.3,97.0,.411,.357,.535,51.3,59.2,11.8,10.3,.495,19.8,27.5,.290
16,Army,33,17,16,.515,-7.23,-7.68,,10,8,,10,5,,7,8,,2412,2322,,68.1,102.5,.282,.384,.536,47.0,52.6,10.0,9.0,.510,14.1,23.5,.196
17,Auburn,32,20,12,.625,14.93,9.28,,10,8,,14,2,,4,8,,2327,2146,,68.7,97.2,.391,.342,.501,49.2,48.7,10.4,8.6,.456,16.6,32.1,.276
18,Austin Peay,31,9,22,.290,-12.45,-2.72,,3,15,,7,8,,1,13,,2067,2241,,66.8,107.8,.363,.356,.574,52.9,53.6,9.2,7.3,.539,17.7,30.6,.269
19,Ball State,32,20,12,.625,-0.75,-3.05,,11,7,,12,2,,6,7,,2445,2292,,68.5,104.1,.300,.330,.536,47.9,37.2,9.0,7.0,.503,14.8,27.7,.218
20,Baylor,32,22,10,.688,18.08,11.18,,11,7,,14,3,,5,5,,2469,2248,,67.9,103.1,.314,.378,.544,48.4,60.4,9.2,9.3,.514,17.3,31.1,.222
21,Bellarmine,33,15,18,.455,-7.37,-1.31,,9,9,,8,6,,6,12,,2187,2216,,62.8,106.1,.303,.518,.564,52.0,58.7,8.6,6.8,.536,16.7,27.1,.218
22,Belmont,32,21,11,.656,2.30,-1.51,,14,6,,12,2,,7,7,,2447,2299,,69.0,103.3,.289,.340,.533,51.6,49.3,8.3,10.0,.510,15.9,29.8,.193
23,Bethune-Cookman,33,13,20,.394,-16.45,-7.48,,9,10,,8,5,,4,13,,2232,2459,,69.6,106.7,.345,.366,.550,54.1,51.9,10.1,9.9,.514,16.7,34.0,.254
24,Binghamton,31,13,18,.419,-10.46,-5.53,,8,8,,8,7,,5,11,,2133,2217,,67.0,105.0,.347,.346,.533,49.0,41.2,10.8,7.7,.494,13.8,28.0,.253
25,Boise State,32,24,8,.750,13.63,6.60,,13,5,,15,1,,5,6,,2322,2051,,66.8,94.8,.265,.365,.498,47.2,45.2,7.8,9.3,.469,15.6,23.7,.183
26,Boston College,33,16,17,.485,1.13,4.76,,9,11,,9,7,,4,7,,2197,2317,,66.7,104.4,.276,.395,.544,50.7,49.0,9.9,8.5,.515,16.0,28.3,.200
27,Boston University,32,15,17,.469,-8.16,-6.58,,8,10,,9,4,,6,11,,2147,2151,,66.3,99.9,.358,.392,.533,48.7,49.5,9.2,11.0,.500,16.4,24.3,.247
28,Bowling Green State,31,11,20,.355,-8.09,-3.44,,5,13,,7,9,,4,11,,2355,2434,,71.2,110.2,.332,.381,.566,49.2,52.1,8.4,9.0,.534,14.2,27.6,.242
29,Bradley,34,25,9,.735,7.37,-0.60,,16,4,,15,1,,8,5,,2411,2114,,65.9,94.0,.310,.385,.507,47.2,48.7,9.6,6.8,.466,17.4,24.0,.232
30,Brigham Young,34,19,15,.559,9.91,5.88,,7,9,,12,4,,2,7,,2568,2376,,70.9,98.2,.375,.378,.531,46.0,50.2,10.2,7.3,.496,17.2,23.9,.261
31,Brown,27,14,13,.519,-2.67,-2.89,,7,7,,7,5,,7,8,,1878,1872,,69.9,98.7,.269,.371,.539,49.7,47.2,9.7,8.8,.512,17.7,23.7,.191
32,Bryant,30,17,13,.567,-3.64,-4.57,,8,8,,9,4,,7,8,,2381,2193,,73.0,99.7,.308,.389,.517,46.4,55.7,9.5,7.9,.485,14.9,24.8,.216
33,Bucknell,32,12,20,.375,-9.58,-7.14,,5,13,,7,7,,3,13,,2161,2192,,66.4,102.4,.274,.361,.525,48.5,55.6,11.5,9.2,.506,13.7,24.8,.176
34,Buffalo,32,15,17,.469,-2.67,0.97,,9,9,,11,4,,3,9,,2481,2485,,74.2,104.3,.351,.358,.548,48.2,53.2,8.8,8.0,.516,16.5,27.9,.247
35,Butler,32,14,18,.438,5.86,8.55,,6,14,,10,6,,3,10,,2088,2174,,67.2,101.1,.226,.332,.524,54.8,52.5,10.2,9.3,.501,16.2,30.4,.159
36,Cal Poly,33,8,25,.242,-7.01,-0.05,,1,18,,6,11,,1,13,,2006,2174,,65.1,100.5,.411,.361,.538,49.7,51.0,9.5,8.8,.495,16.8,24.7,.297
37,Cal State Bakersfield,33,11,22,.333,-7.87,-1.00,,6,14,,6,8,,3,12,,1995,2134,,63.4,100.4,.423,.424,.542,50.3,53.3,9.1,6.1,.500,18.4,28.0,.303
38,Cal State Fullerton,33,20,13,.606,2.23,0.23,,12,6,,11,2,,7,8,,2283,2148,,65.5,96.5,.326,.389,.513,51.0,49.3,8.9,8.6,.477,18.2,28.9,.232
39,Cal State Northridge,32,7,25,.219,-9.91,-1.24,,4,16,,7,8,,0,14,,2028,2194,,65.7,104.0,.385,.379,.536,51.4,53.9,8.2,7.4,.490,15.8,30.0,.289
40,California,32,3,29,.094,-2.87,8.91,,2,18,,3,14,,0,12,,1866,2243,,64.3,108.1,.326,.383,.548,53.0,51.6,8.9,11.1,.516,14.0,30.4,.234
41,California Baptist,33,17,16,.515,0.48,-0.43,,7,10,,12,5,,4,8,,2291,2156,,65.9,98.4,.289,.327,.509,47.7,46.2,8.3,8.1,.474,14.5,25.1,.210
42,Campbell,34,16,18,.471,-5.22,-4.88,,8,10,,8,6,,4,10,,2374,2329,,64.6,104.1,.312,.415,.552,50.4,48.9,9.2,10.5,.526,16.6,27.1,.217
43,Canisius,30,10,20,.333,-6.93,-3.34,,8,12,,7,7,,3,12,,2111,2169,,67.5,104.9,.274,.317,.549,51.6,49.1,9.1,8.9,.525,16.7,30.0,.191
44,Central Arkansas,31,9,22,.290,-13.63,-3.06,,4,14,,6,8,,2,13,,2261,2527,,72.7,110.7,.291,.392,.566,51.8,46.8,9.9,9.0,.541,14.7,30.1,.205
45,Central Connecticut State,32,10,22,.313,-14.05,-9.86,,7,9,,6,7,,4,14,,2111,2245,,65.7,105.6,.264,.372,.543,50.5,56.5,10.1,9.0,.513,14.5,28.2,.197
46,Central Florida,31,18,13,.581,11.24,4.99,,8,10,,11,6,,4,6,,2235,2030,,65.7,96.9,.334,.389,.518,49.0,53.2,9.7,8.7,.480,19.0,31.3,.242
47,Central Michigan,31,10,21,.323,-11.59,-2.25,,5,13,,6,8,,3,12,,2038,2263,,69.0,105.4,.396,.418,.542,50.2,51.9,12.0,8.2,.510,16.6,31.7,.268
48,Charleston Southern,31,10,21,.323,-9.40,-4.43,,5,13,,6,8,,3,12,,2251,2305,,67.1,110.3,.354,.403,.565,49.0,51.1,8.2,8.1,.532,14.6,29.4,.255
49,Charlotte,32,18,14,.563,3.62,-0.35,,9,11,,11,4,,5,8,,2135,2008,,61.5,100.1,.254,.385,.531,49.8,42.2,9.0,9.3,.502,15.7,23.8,.187
50,Chattanooga,35,18,17,.514,-2.18,-3.18,,7,11,,9,7,,6,9,,2702,2523,,68.9,104.3,.279,.425,.531,48.3,45.5,9.0,8.6,.494,13.4,25.8,.214
51,Chicago State,31,11,20,.355,-10.93,-3.15,,,,,8,0,,3,20,,2180,2264,,66.8,108.9,.326,.381,.550,48.8,55.5,10.0,11.1,.521,14.8,31.6,.228
52,Cincinnati,31,20,11,.645,11.99,5.09,,11,7,,15,3,,4,6,,2416,2161,,69.9,98.9,.294,.308,.516,48.2,49.8,7.7,7.3,.477,15.3,27.0,.220
53,Clemson,33,23,10,.697,11.23,4.08,,14,6,,15,1,,5,6,,2476,2240,,68.1,98.9,.308,.404,.512,48.5,49.0,8.3,7.6,.474,14.6,24.4,.225
54,Cleveland State,34,21,13,.618,-1.90,-4.93,,14,6,,13,3,,7,9,,2437,2314,,66.4,101.0,.306,.383,.519,49.6,50.6,9.3,8.8,.482,17.6,34.6,.224
55,Coastal Carolina,31,11,20,.355,-8.71,-1.53,,5,13,,8,8,,3,11,,2273,2294,,69.1,106.3,.275,.454,.536,48.8,55.3,9.5,8.5,.507,14.3,29.9,.197
56,Colgate,34,26,8,.765,2.28,-6.63,,17,1,,14,2,,11,4,,2672,2345,,68.3,101.0,.201,.365,.536,48.1,54.2,8.7,8.1,.518,16.1,23.8,.138
57,College of Charleston,34,31,3,.912,8.46,-4.51,,16,2,,17,1,,11,2,,2747,2290,,70.8,94.5,.246,.323,.505,45.5,45.5,8.0,10.9,.481,17.1,25.4,.167
58,Colorado,33,17,16,.515,12.06,8.79,,8,12,,12,4,,2,9,,2311,2203,,69.7,95.8,.322,.344,.513,47.3,46.6,10.4,10.7,.477,17.4,25.3,.228
59,Colorado State,33,15,18,.455,6.23,6.44,,6,12,,9,7,,4,8,,2391,2355,,66.4,106.3,.296,.435,.555,51.9,51.1,8.5,9.7,.524,15.9,27.0,.218
60,Columbia,29,7,22,.241,-14.65,-2.65,,2,12,,6,9,,1,13,,1966,2197,,70.6,106.4,.278,.354,.541,53.4,54.6,9.4,12.2,.516,15.7,32.9,.195
61,Connecticut,31,24,7,.774,20.88,7.45,,13,7,,15,2,,6,5,,2450,2017,,69.0,94.3,.392,.288,.503,43.4,40.8,9.8,8.6,.453,17.2,26.2,.289
62,Coppin State,32,9,23,.281,-14.60,-3.44,,4,10,,4,6,,5,16,,2304,2661,,73.1,112.0,.342,.414,.564,57.7,58.5,10.1,9.9,.532,15.7,35.7,.247
63,Cornell,27,17,10,.630,0.39,-2.65,,7,7,,11,2,,6,8,,2227,2049,,72.6,104.1,.296,.399,.566,49.9,58.4,8.9,9.4,.540,19.3,28.8,.210
64,Creighton,33,21,12,.636,17.69,9.54,,14,6,,13,2,,5,6,,2529,2260,,69.4,97.9,.198,.298,.498,47.3,47.1,8.8,8.3,.473,12.7,23.3,.144
65,Dartmouth,28,10,18,.357,-8.14,-2.68,,6,8,,7,5,,3,11,,1998,2027,,70.8,100.9,.299,.348,.532,50.4,44.0,11.7,9.1,.499,15.4,25.5,.217
66,Davidson,32,16,16,.500,2.21,1.69,,8,10,,7,8,,6,6,,2236,2197,,66.1,102.6,.264,.368,.530,51.3,48.8,8.9,11.0,.503,15.2,27.9,.186
67,Dayton,32,21,11,.656,9.28,1.06,,12,6,,14,2,,5,6,,2200,1939,,63.9,94.1,.236,.385,.475,46.2,47.7,9.1,7.0,.445,14.2,26.7,.167
68,Delaware,33,17,16,.515,-5.60,-3.75,,8,10,,10,5,,4,10,,2298,2333,,67.4,104.2,.290,.346,.543,52.4,53.4,9.1,9.2,.513,16.4,29.6,.209
69,Delaware State,30,6,24,.200,-17.71,-4.96,,4,11,,4,8,,2,14,,1939,2265,,69.6,107.6,.381,.423,.578,49.8,61.8,11.2,8.9,.550,17.8,28.3,.264
70,Denver,32,15,17,.469,-9.08,-5.42,,6,12,,9,5,,4,11,,2325,2402,,69.1,107.0,.270,.403,.546,46.9,51.4,9.6,9.2,.514,14.0,27.2,.204
71,DePaul,33,10,23,.303,2.96,9.08,,3,17,,7,8,,2,12,,2349,2551,,69.8,109.0,.357,.347,.550,54.3,51.9,10.2,9.0,.516,15.2,34.1,.254
72,Detroit Mercy,33,14,19,.424,-3.01,-3.41,,9,11,,9,5,,5,13,,2527,2486,,67.8,110.2,.290,.392,.566,47.5,52.2,9.5,7.9,.534,14.9,29.4,.219
73,Drake,34,27,7,.794,8.34,-1.12,,15,5,,14,1,,6,6,,2561,2173,,67.0,93.4,.263,.381,.497,47.6,43.8,7.6,6.3,.467,15.8,22.3,.184
74,Drexel,32,17,15,.531,-2.27,-5.43,,10,8,,12,3,,3,9,,2135,1997,,64.0,95.6,.240,.284,.500,48.4,47.2,8.9,8.0,.472,16.1,26.9,.169
75,Duke,33,25,8,.758,15.61,7.03,,14,6,,16,0,,4,6,,2407,2125,,65.8,97.4,.238,.351,.500,44.1,47.7,9.3,9.6,.465,14.5,26.0,.182
76,Duquesne,32,20,12,.625,4.08,0.14,,10,8,,16,4,,3,7,,2394,2268,,69.4,102.2,.351,.339,.534,50.4,52.9,8.3,8.3,.502,17.9,33.2,.243
77,East Carolina,32,16,16,.500,0.06,1.76,,6,12,,10,6,,2,9,,2225,2267,,68.5,103.4,.327,.343,.531,48.5,49.3,9.4,10.1,.497,15.2,29.3,.233
78,East Tennessee State,32,12,20,.375,-5.87,-4.31,,8,10,,7,9,,4,9,,2211,2208,,66.7,103.0,.265,.428,.535,48.7,50.6,10.6,6.2,.505,15.9,29.1,.194
79,Eastern Illinois,31,9,22,.290,-13.83,-6.49,,5,13,,6,9,,3,12,,2134,2235,,70.7,101.5,.321,.426,.537,52.8,59.3,9.2,8.3,.507,18.0,31.3,.224
80,Eastern Kentucky,33,20,13,.606,-2.47,-2.11,,12,6,,14,2,,5,10,,2553,2380,,72.5,99.1,.260,.398,.520,48.3,54.7,9.2,6.7,.487,17.2,29.6,.193
81,Eastern Michigan,31,8,23,.258,-10.69,-1.53,,5,13,,6,7,,2,13,,2239,2505,,70.3,114.0,.350,.415,.582,54.1,46.8,8.9,7.1,.555,15.1,32.5,.246
82,Eastern Washington,32,22,10,.688,1.32,-2.11,,16,2,,11,2,,9,6,,2466,2284,,68.9,103.6,.293,.438,.530,46.2,49.1,9.2,5.8,.494,14.1,25.7,.221
83,Elon,32,8,24,.250,-12.78,-4.31,,6,12,,5,9,,3,12,,2094,2291,,67.0,106.9,.279,.451,.541,51.6,57.2,9.2,9.0,.514,14.8,29.8,.198
84,Evansville,32,5,27,.156,-14.70,-1.11,,1,19,,3,10,,1,14,,1997,2432,,69.8,108.9,.301,.412,.588,54.9,57.9,8.3,7.0,.557,16.9,25.5,.229
85,Fairfield,31,13,18,.419,-6.89,-4.43,,9,11,,7,6,,4,10,,2012,2045,,64.9,100.3,.276,.316,.517,50.4,43.7,9.0,9.6,.486,15.5,29.3,.198
86,Fairleigh Dickinson,34,19,15,.559,-11.40,-11.72,,10,6,,10,5,,8,9,,2646,2547,,69.9,106.0,.343,.398,.584,49.5,56.0,8.1,9.9,.551,19.6,28.5,.255
87,Florida,32,16,16,.500,11.85,8.56,,9,9,,10,5,,4,7,,2302,2197,,69.8,98.0,.298,.305,.494,52.6,45.1,9.1,8.5,.459,15.1,30.5,.210
88,Florida A&M,29,7,22,.241,-17.41,-4.60,,5,13,,4,7,,3,15,,1700,2030,,66.5,104.9,.439,.344,.534,52.2,50.2,12.3,10.8,.499,16.0,33.5,.293
89,Florida Atlantic,32,29,3,.906,13.39,0.52,,18,2,,17,0,,11,3,,2533,2088,,69.1,93.7,.270,.342,.498,45.9,33.7,8.3,7.1,.462,16.6,24.0,.200
90,Florida Gulf Coast,32,17,15,.531,-2.57,-3.02,,7,11,,8,5,,6,9,,2280,2222,,66.7,103.4,.279,.413,.531,50.4,50.9,8.5,9.1,.504,15.3,28.4,.194
91,Florida International,32,14,18,.438,-3.05,-0.02,,8,12,,11,7,,3,10,,2339,2404,,71.0,104.2,.304,.401,.551,54.7,53.3,11.4,9.1,.518,19.5,36.1,.225
92,Florida State,32,9,23,.281,-0.32,6.56,,7,13,,5,11,,4,7,,2219,2439,,69.0,110.5,.309,.411,.565,52.9,55.4,7.5,7.5,.531,14.9,31.5,.234
93,Fordham,32,25,7,.781,2.41,-1.98,,12,6,,18,2,,6,5,,2308,2153,,70.3,94.9,.373,.302,.510,47.9,48.1,9.1,8.9,.464,17.2,25.1,.273
94,Fresno State,31,11,20,.355,3.24,5.74,,6,12,,7,7,,4,9,,1974,2036,,64.0,102.6,.319,.375,.550,51.9,52.6,8.8,9.7,.513,17.8,27.8,.241
95,Furman,34,27,7,.794,5.11,-3.89,,15,3,,14,2,,8,3,,2791,2421,,69.7,101.1,.300,.354,.535,48.2,43.8,8.1,8.2,.505,16.6,26.8,.211
96,Gardner-Webb,31,15,16,.484,-3.81,-4.61,,10,8,,8,5,,6,10,,2192,2032,,67.5,95.6,.399,.377,.521,47.3,48.4,9.3,7.5,.477,18.3,24.3,.286
97,George Mason,33,20,13,.606,1.94,0.49,,11,7,,14,2,,4,7,,2268,2220,,67.6,98.8,.330,.351,.513,47.6,45.4,10.2,8.8,.479,14.9,24.8,.228
98,George Washington,32,16,16,.500,-1.73,-0.40,,10,8,,11,6,,5,6,,2441,2455,,69.7,108.1,.284,.392,.541,50.2,51.0,9.9,6.8,.515,13.5,29.7,.199
99,Georgetown,32,7,25,.219,-1.09,7.50,,2,18,,5,12,,1,11,,2225,2500,,69.6,111.3,.244,.395,.560,51.0,60.1,11.5,7.2,.536,13.7,30.0,.178
100,Georgia,32,16,16,.500,2.20,5.20,,6,12,,13,4,,1,10,,2193,2289,,68.2,104.5,.289,.367,.526,49.8,55.8,9.8,10.7,.498,14.5,30.5,.200
101,Georgia Southern,33,17,16,.515,-3.04,-1.81,,9,9,,12,4,,3,11,,2257,2201,,67.6,98.3,.326,.375,.518,49.8,48.7,9.1,6.9,.484,16.8,26.9,.229
102,Georgia State,31,10,21,.323,-6.58,-0.72,,3,15,,10,9,,0,11,,2068,2150,,67.8,101.9,.339,.344,.534,48.8,52.2,10.0,9.2,.497,15.6,28.4,.245
103,Georgia Tech,33,15,18,.455,2.15,4.96,,6,14,,11,6,,3,9,,2301,2335,,67.6,104.3,.302,.352,.526,51.2,56.2,8.1,9.5,.494,14.0,30.3,.215
104,Gonzaga,33,28,5,.848,20.16,7.54,,14,2,,15,1,,7,2,,2888,2406,,71.8,101.1,.263,.394,.541,46.3,45.2,7.3,5.4,.512,17.1,25.5,.193
105,Grambling,32,24,8,.750,-3.63,-8.09,,15,3,,11,1,,9,6,,2218,1993,,67.8,91.5,.390,.382,.481,48.3,51.4,10.3,7.9,.441,18.4,31.1,.258
106,Grand Canyon,35,24,11,.686,4.64,1.02,,10,7,,14,4,,5,5,,2636,2339,,66.9,99.2,.320,.330,.494,47.6,43.3,8.3,7.8,.457,13.7,29.2,.224
107,Green Bay,32,3,29,.094,-20.09,-2.93,,2,18,,2,10,,1,17,,1898,2447,,66.2,115.0,.316,.346,.581,56.4,49.6,11.0,11.2,.548,14.0,32.4,.240
108,Hampton,32,8,24,.250,-15.10,-4.55,,5,13,,7,6,,1,13,,2183,2481,,69.9,110.5,.355,.371,.562,53.1,55.0,8.0,9.2,.534,13.9,30.0,.245
109,Hartford,28,5,23,.179,-23.34,-8.18,,,,,5,10,,0,11,,1757,1991,,66.3,107.3,.259,.382,.555,52.3,58.7,11.0,9.1,.532,16.0,31.1,.184
110,Harvard,28,14,14,.500,-0.82,-2.13,,5,9,,5,7,,8,6,,1914,1858,,67.8,97.0,.249,.388,.515,47.1,47.4,10.2,8.7,.484,16.5,24.9,.184
111,Hawaii,33,22,11,.667,2.83,-1.70,,13,7,,13,5,,6,4,,2208,2039,,64.9,94.1,.269,.263,.482,47.7,33.4,9.1,9.1,.444,14.4,26.3,.199
112,High Point,31,14,17,.452,-9.84,-5.19,,6,12,,10,5,,2,11,,2312,2392,,72.7,106.2,.337,.386,.531,49.9,52.7,9.7,9.4,.503,14.5,32.0,.226
113,Hofstra,33,24,9,.727,4.89,-3.20,,16,2,,11,1,,10,5,,2466,2159,,67.7,96.0,.247,.370,.486,51.8,50.6,8.3,8.4,.457,15.8,30.8,.171
114,Holy Cross,32,10,22,.313,-14.28,-6.41,,7,11,,6,9,,4,11,,2136,2324,,69.1,104.6,.274,.349,.534,54.3,49.8,10.1,8.4,.512,15.3,30.5,.183
115,Houston,31,29,2,.935,23.84,4.44,,17,1,,16,2,,11,0,,2357,1752,,64.5,87.6,.349,.443,.471,44.6,53.6,8.3,6.9,.427,19.4,27.9,.244
116,Houston Christian,32,10,22,.313,-16.83,-6.59,,7,11,,8,8,,2,13,,2482,2658,,73.4,112.7,.319,.334,.584,50.5,51.6,10.7,8.5,.559,15.1,30.0,.226
117,Howard,32,20,12,.625,-4.76,-5.76,,11,3,,12,2,,6,8,,2427,2327,,71.9,100.7,.353,.374,.543,48.4,47.6,11.8,8.3,.514,19.1,30.9,.240
118,Idaho,32,10,22,.313,-8.36,-3.53,,4,14,,6,10,,4,11,,2335,2332,,67.1,107.4,.313,.325,.562,52.1,43.0,8.6,8.6,.531,15.1,26.8,.229
119,Idaho State,32,11,21,.344,-6.23,-2.63,,8,10,,7,7,,4,12,,2213,2272,,65.7,105.5,.351,.340,.552,51.8,47.5,8.3,6.6,.506,15.8,27.4,.276
120,Illinois,32,20,12,.625,15.36,7.67,,11,9,,15,2,,3,7,,2389,2143,,69.3,95.5,.296,.309,.502,46.9,44.7,9.6,8.1,.469,16.4,26.8,.208
121,Illinois State,32,11,21,.344,-6.92,-2.92,,6,14,,8,7,,3,9,,2127,2255,,65.7,105.6,.340,.377,.549,48.7,49.1,10.0,9.8,.518,14.8,26.7,.237
122,Illinois-Chicago,32,12,20,.375,-8.44,-2.73,,4,16,,7,8,,3,11,,2149,2292,,69.2,102.6,.325,.344,.539,54.1,55.0,8.7,11.7,.505,17.2,29.9,.234
123,Incarnate Word,31,12,19,.387,-14.83,-8.00,,6,13,,7,7,,3,13,,2194,2290,,69.0,105.3,.327,.341,.563,52.7,48.8,10.2,7.4,.534,18.3,31.6,.234
124,Indiana,32,22,10,.688,15.65,9.07,,12,8,,15,2,,5,7,,2403,2182,,68.4,99.2,.302,.381,.505,48.2,48.1,9.7,7.6,.473,14.4,27.8,.210
125,Indiana State,34,22,12,.647,5.77,-3.53,,13,7,,11,4,,7,6,,2700,2356,,71.2,97.0,.307,.357,.519,48.4,40.5,8.1,10.3,.483,16.0,22.3,.225
126,Iona,34,27,7,.794,7.95,-3.43,,17,3,,11,1,,8,4,,2597,2210,,68.9,94.0,.312,.345,.495,49.2,50.6,7.8,6.5,.459,18.1,30.5,.219
127,Iowa,32,19,13,.594,14.62,8.81,,11,9,,14,3,,4,7,,2567,2381,,69.6,105.7,.234,.322,.558,48.8,51.0,8.1,8.8,.533,16.4,27.6,.175
128,Iowa State,31,19,12,.613,16.53,10.84,,9,9,,13,3,,3,8,,2132,1937,,65.8,94.3,.395,.469,.539,47.4,57.7,10.0,7.7,.498,22.2,26.5,.284
129,IUPUI,32,5,27,.156,-18.70,-5.26,,2,18,,4,9,,0,15,,2089,2456,,67.7,112.9,.345,.390,.576,51.1,54.5,12.3,8.3,.539,14.8,32.1,.262
130,Jackson State,33,14,19,.424,-10.91,-4.94,,12,6,,7,2,,6,14,,2232,2429,,69.8,104.2,.339,.394,.556,48.9,52.3,11.2,11.1,.522,17.0,29.2,.247
131,Jacksonville,29,13,16,.448,-6.24,-2.58,,6,12,,7,6,,6,10,,1837,1816,,62.0,101.0,.253,.485,.514,48.2,54.8,9.5,8.7,.484,13.6,24.8,.185
132,Jacksonville State,31,13,18,.419,-6.56,-2.49,,6,12,,9,5,,3,12,,2166,2178,,66.5,105.2,.284,.473,.549,47.1,56.7,9.2,7.8,.518,15.2,24.9,.210
133,James Madison,33,22,11,.667,5.15,-2.12,,12,6,,11,3,,8,6,,2658,2246,,72.2,92.8,.307,.380,.510,47.3,47.2,9.8,8.2,.481,19.9,27.2,.207
134,Kansas,32,26,6,.813,19.81,12.81,,13,5,,15,1,,7,4,,2421,2176,,70.2,96.1,.319,.358,.508,48.9,46.2,8.5,7.4,.470,17.5,27.8,.230
135,Kansas City,32,11,21,.344,-9.28,-2.78,,7,11,,6,8,,3,11,,2060,2199,,65.4,103.8,.383,.403,.538,47.4,47.5,9.2,8.7,.493,15.7,29.6,.284
136,Kansas State,32,23,9,.719,16.31,9.84,,11,7,,16,1,,4,7,,2416,2209,,70.7,96.1,.367,.368,.512,48.4,56.1,10.4,10.6,.475,18.0,29.2,.254
137,Kennesaw State,34,26,8,.765,0.29,-2.62,,15,3,,15,1,,10,6,,2559,2343,,69.7,97.7,.351,.392,.527,49.1,46.8,9.4,8.5,.495,18.1,26.4,.240
138,Kent State,32,26,6,.813,8.09,-1.29,,15,3,,15,0,,9,6,,2433,2083,,69.8,92.9,.373,.410,.507,49.6,52.3,7.9,7.2,.464,20.1,29.7,.266
139,Kentucky,32,21,11,.656,15.24,8.21,,12,6,,14,4,,6,4,,2402,2177,,66.8,101.0,.299,.352,.524,43.7,47.8,8.8,5.2,.488,14.8,25.5,.223
140,La Salle,34,15,19,.441,-2.63,0.13,,7,11,,8,8,,5,8,,2374,2468,,68.5,104.9,.316,.349,.538,50.4,50.7,8.6,11.6,.510,15.5,30.5,.216
141,Lafayette,34,11,23,.324,-7.95,-4.66,,7,11,,5,7,,5,16,,2120,2232,,63.5,101.2,.294,.412,.536,51.9,55.3,9.6,9.2,.508,16.2,25.6,.205
142,Lamar,31,9,22,.290,-16.98,-7.23,,5,13,,6,9,,2,12,,2104,2311,,67.9,109.0,.305,.442,.545,49.8,64.2,11.8,9.7,.522,15.3,33.2,.204
143,Lehigh,30,16,14,.533,-9.09,-6.06,,11,7,,9,6,,7,8,,2094,2082,,69.7,99.5,.284,.349,.516,51.9,47.7,8.4,8.1,.489,14.9,25.8,.193
144,Liberty,34,26,8,.765,8.21,-2.70,,15,3,,18,1,,6,6,,2556,2062,,65.6,92.4,.274,.365,.514,46.9,42.4,8.7,9.1,.481,18.4,20.5,.200
145,Lindenwood,32,11,21,.344,-14.53,-6.08,,6,12,,9,4,,2,14,,2226,2362,,69.2,104.7,.297,.417,.540,52.3,54.0,9.8,8.2,.513,15.8,29.7,.206
146,Lipscomb,33,20,13,.606,-1.90,-3.97,,11,7,,13,2,,7,11,,2521,2343,,69.7,100.4,.230,.392,.522,47.7,41.2,8.7,7.3,.493,14.6,24.1,.171
147,Little Rock,31,10,21,.323,-12.40,-6.75,,6,12,,8,5,,2,16,,2337,2461,,72.9,108.0,.371,.377,.572,50.4,52.6,8.5,8.7,.549,17.0,29.5,.247
148,Long Beach State,33,17,16,.515,-0.21,-0.04,,11,9,,9,5,,6,9,,2524,2455,,72.6,99.8,.296,.399,.523,46.1,55.0,10.1,6.5,.489,16.5,27.7,.216
149,Long Island University,29,3,26,.103,-25.04,-6.36,,1,15,,2,10,,1,15,,1935,2319,,73.6,108.7,.315,.352,.562,51.9,59.0,11.9,8.9,.539,15.2,29.5,.213
150,Longwood,32,20,12,.625,-1.81,-6.41,,12,6,,12,3,,8,8,,2341,2119,,67.1,98.7,.324,.426,.542,47.6,52.8,8.8,9.2,.509,19.1,26.4,.233
151,Louisiana,33,26,7,.788,4.12,-0.91,,13,5,,14,0,,7,7,,2575,2304,,69.3,100.4,.322,.303,.526,45.2,41.3,9.4,7.9,.493,15.8,26.0,.228
152,Louisiana State,33,14,19,.424,3.84,6.96,,2,16,,10,8,,0,9,,2231,2334,,66.7,106.1,.303,.416,.549,49.3,52.0,9.0,10.4,.518,15.3,28.8,.219
153,Louisiana Tech,33,15,18,.455,-0.24,1.56,,7,13,,9,6,,4,11,,2383,2320,,67.7,101.6,.373,.425,.556,48.5,59.1,9.9,10.4,.524,19.4,27.7,.261
154,Louisiana-Monroe,32,11,21,.344,-8.32,-0.25,,7,11,,7,8,,4,10,,2157,2235,,67.2,102.7,.277,.393,.537,50.2,54.0,9.4,10.0,.505,16.3,28.9,.205
155,Louisville,32,4,28,.125,-5.35,6.50,,2,18,,4,13,,0,11,,2046,2425,,67.0,113.1,.306,.397,.569,50.8,56.1,10.4,10.3,.541,13.2,30.0,.221
156,Loyola (IL),31,10,21,.323,-4.45,0.65,,4,14,,6,8,,3,8,,2089,2247,,67.0,106.8,.375,.381,.559,51.2,51.2,11.8,9.9,.516,15.8,28.5,.285
157,Loyola (MD),33,13,20,.394,-11.99,-6.09,,7,11,,9,6,,3,13,,2222,2331,,66.8,105.3,.288,.365,.568,51.1,54.3,10.1,7.9,.544,18.1,28.0,.204
158,Loyola Marymount,31,19,12,.613,5.54,4.88,,9,7,,13,3,,4,7,,2335,2265,,69.1,104.4,.347,.339,.548,46.8,45.9,7.4,8.3,.513,14.6,24.1,.251
159,Maine,30,13,17,.433,-8.90,-4.68,,7,9,,8,4,,5,12,,2054,2091,,67.0,102.8,.280,.366,.552,52.7,52.0,8.6,8.4,.525,18.1,28.7,.200
160,Manhattan,30,12,18,.400,-9.90,-4.97,,10,10,,5,9,,6,7,,2016,2112,,67.2,102.6,.300,.364,.536,53.3,55.7,11.0,8.6,.507,17.8,33.4,.211
161,Marist,33,13,20,.394,-8.43,-5.67,,6,14,,5,10,,4,9,,2110,2201,,65.5,101.4,.284,.376,.512,51.1,48.7,8.8,8.4,.479,14.5,28.9,.204
162,Marquette,32,26,6,.813,17.28,7.93,,17,3,,17,1,,8,4,,2583,2281,,70.0,100.2,.295,.375,.544,52.5,58.8,8.3,9.7,.515,20.0,31.7,.209
163,Marshall,32,24,8,.750,7.38,-2.59,,13,5,,15,2,,9,5,,2616,2281,,72.7,96.9,.277,.344,.500,49.7,46.9,8.8,4.0,.478,17.3,32.4,.176
164,Maryland,33,21,12,.636,15.11,7.90,,11,9,,16,1,,2,9,,2322,2084,,64.5,97.5,.278,.317,.512,48.4,48.1,7.1,9.9,.479,16.2,27.2,.202
165,Maryland-Baltimore County,32,18,14,.563,-6.29,-7.03,,8,8,,13,4,,5,10,,2378,2328,,68.4,106.0,.259,.383,.551,50.5,50.8,7.6,7.8,.525,14.9,26.6,.188
166,Maryland-Eastern Shore,30,18,12,.600,-7.51,-5.37,,9,5,,10,3,,7,9,,2107,1980,,71.4,92.1,.330,.365,.529,51.4,52.6,9.4,8.7,.493,23.3,29.8,.237
167,Massachusetts,31,15,16,.484,-1.22,0.43,,6,12,,8,6,,3,8,,2163,2214,,70.7,101.1,.324,.407,.535,47.4,59.2,11.0,8.2,.502,16.9,27.9,.231
168,Massachusetts-Lowell,33,26,7,.788,0.54,-8.61,,11,5,,17,0,,9,8,,2594,2171,,69.8,93.9,.318,.321,.500,44.0,46.2,10.8,7.4,.460,17.6,26.4,.231
169,McNeese State,34,11,23,.324,-13.17,-5.02,,6,12,,6,8,,5,15,,2352,2565,,67.9,109.9,.344,.389,.574,49.4,62.3,10.2,7.1,.545,16.6,30.9,.245
170,Memphis,31,23,8,.742,14.43,6.64,,13,5,,13,2,,7,5,,2463,2251,,72.6,98.8,.350,.431,.521,49.2,56.0,10.3,9.0,.477,18.2,31.6,.260
171,Mercer,33,14,19,.424,-5.00,-3.87,,6,12,,7,7,,4,10,,2268,2211,,65.5,101.1,.354,.339,.526,48.2,45.7,8.6,5.9,.486,15.7,27.4,.257
172,Merrimack,34,18,16,.529,-11.56,-9.50,,12,4,,10,6,,8,8,,2128,2119,,67.1,92.8,.257,.334,.507,56.6,59.4,9.9,10.8,.477,22.1,34.8,.183
173,Miami (FL),32,25,7,.781,12.44,5.16,,15,5,,16,1,,7,4,,2541,2308,,69.0,104.2,.241,.377,.541,48.0,53.3,8.6,8.4,.513,15.8,29.0,.180
174,Miami (OH),32,12,20,.375,-7.04,-2.00,,6,12,,9,9,,3,9,,2357,2385,,69.4,107.0,.360,.365,.560,51.5,49.8,11.1,8.3,.525,16.7,31.1,.262
175,Michigan,32,17,15,.531,12.69,9.01,,11,9,,12,4,,3,7,,2339,2221,,67.3,100.7,.262,.336,.506,49.5,45.7,7.6,7.1,.478,13.0,26.1,.183
176,Michigan State,30,19,11,.633,14.07,11.23,,11,8,,12,2,,5,7,,2119,2021,,65.6,101.4,.288,.385,.513,47.8,52.3,8.7,9.1,.479,13.1,25.3,.208
177,Middle Tennessee,32,19,13,.594,2.63,1.76,,11,9,,12,2,,3,11,,2248,2168,,67.1,100.2,.328,.340,.547,48.6,45.7,10.2,8.2,.508,19.5,29.1,.248
178,Milwaukee,32,21,11,.656,-4.49,-3.97,,14,6,,15,3,,6,7,,2507,2363,,72.4,100.4,.288,.415,.507,48.0,49.9,10.5,9.1,.471,15.9,32.1,.209
179,Minnesota,31,9,22,.290,0.06,8.22,,2,17,,6,11,,1,9,,1949,2202,,65.4,107.7,.248,.313,.531,52.5,51.9,10.1,10.3,.505,12.7,30.8,.176
180,Mississippi,33,12,21,.364,6.21,7.79,,3,15,,7,10,,2,9,,2227,2279,,66.6,103.3,.303,.344,.532,48.9,56.0,10.6,7.4,.495,15.7,29.9,.226
181,Mississippi State,33,21,12,.636,12.05,7.14,,8,10,,12,4,,4,6,,2175,2013,,65.0,92.5,.276,.440,.496,47.3,58.6,9.5,8.0,.462,19.1,29.0,.198
182,Mississippi Valley State,32,5,27,.156,-17.80,-4.08,,4,14,,4,6,,1,19,,1953,2392,,68.2,108.7,.398,.395,.563,52.4,53.5,13.1,9.1,.533,16.8,32.4,.272
183,Missouri,31,23,8,.742,12.19,7.29,,11,7,,16,3,,5,5,,2483,2318,,70.3,105.6,.360,.439,.561,55.0,57.5,9.2,6.7,.522,20.6,37.8,.270
184,Missouri State,32,17,15,.531,0.84,-0.52,,12,8,,10,4,,5,8,,2098,2021,,63.0,99.1,.296,.388,.521,47.0,48.9,9.9,10.1,.487,16.4,26.6,.213
185,Monmouth,33,7,26,.212,-15.63,-2.60,,5,13,,3,10,,3,15,,2036,2466,,68.4,109.3,.388,.460,.577,52.4,55.9,10.1,9.4,.544,18.2,32.9,.279
186,Montana,31,17,14,.548,-0.81,-1.51,,10,7,,9,4,,6,9,,2147,2114,,64.1,106.0,.368,.354,.553,49.9,46.9,7.9,7.1,.508,14.3,24.9,.285
187,Montana State,34,25,9,.735,2.40,-1.69,,15,3,,12,1,,10,5,,2523,2265,,67.9,97.4,.351,.349,.530,48.1,38.4,8.0,5.6,.487,17.9,24.0,.263
188,Morehead State,32,21,11,.656,-7.61,-5.93,,14,4,,14,2,,7,8,,2247,2125,,67.0,98.7,.280,.316,.520,47.0,42.6,8.7,9.0,.487,15.3,23.5,.203
189,Morgan State,31,15,16,.484,-11.46,-5.98,,8,7,,10,2,,3,12,,2323,2242,,73.8,96.8,.395,.335,.526,52.4,55.6,11.2,8.9,.492,21.6,36.1,.267
190,Mount St. Mary's,33,13,20,.394,-8.02,-3.86,,8,12,,5,9,,7,10,,2101,2212,,65.8,101.1,.291,.361,.517,50.6,48.9,11.6,8.3,.484,15.5,29.6,.209
191,Murray State,32,17,15,.531,-4.00,-1.16,,11,9,,11,2,,3,11,,2254,2305,,66.9,106.4,.242,.416,.541,49.6,52.8,8.5,7.5,.517,14.0,27.2,.174
192,Navy,31,18,13,.581,-2.79,-6.13,,11,7,,9,6,,9,7,,2152,2013,,64.9,99.2,.295,.387,.524,48.6,55.0,8.8,8.5,.501,17.3,27.7,.193
193,NC State,33,23,10,.697,12.63,5.23,,12,8,,15,2,,4,6,,2580,2336,,69.9,101.0,.340,.335,.536,48.8,45.4,7.3,6.7,.498,16.8,26.5,.250
194,Nebraska,32,16,16,.500,7.40,9.30,,9,11,,11,4,,4,9,,2175,2236,,67.2,102.3,.219,.436,.521,50.7,59.6,9.8,12.1,.499,15.3,28.3,.152
195,Nevada,32,22,10,.688,11.36,6.84,,12,6,,14,1,,6,7,,2324,2140,,66.4,98.8,.310,.426,.524,50.1,53.6,7.5,8.3,.487,16.6,24.8,.227
196,Nevada-Las Vegas,32,19,13,.594,7.87,5.84,,7,11,,10,7,,5,6,,2376,2241,,69.6,98.7,.308,.445,.549,51.9,58.2,8.6,8.3,.517,21.6,30.5,.225
197,New Hampshire,30,15,15,.500,-9.09,-5.73,,9,7,,11,4,,4,11,,1992,2011,,65.7,101.2,.297,.333,.518,50.8,40.4,8.4,8.1,.487,14.5,26.4,.208
198,New Mexico,33,22,11,.667,11.93,5.72,,8,10,,15,4,,5,6,,2680,2442,,71.8,101.9,.294,.391,.528,48.4,52.5,8.1,6.7,.500,15.4,27.0,.204
199,New Mexico State,24,9,15,.375,-1.27,2.73,,2,10,,6,4,,1,9,,1769,1720,,71.6,100.1,.348,.451,.539,48.6,50.9,7.6,7.3,.504,17.3,25.1,.248
200,New Orleans,32,12,20,.375,-13.83,-6.96,,7,11,,6,9,,4,10,,2340,2536,,72.5,108.5,.383,.364,.577,51.3,49.4,12.0,6.4,.540,18.1,32.6,.285
201,Niagara,31,16,15,.516,-6.66,-4.46,,10,10,,9,4,,4,10,,2016,2044,,63.7,102.8,.332,.306,.530,50.1,43.9,8.3,10.3,.494,14.8,28.0,.240
202,Nicholls State,31,16,15,.516,-8.05,-5.19,,12,7,,11,3,,5,11,,2344,2253,,72.7,99.9,.456,.386,.555,50.9,59.1,8.5,7.6,.510,21.3,30.9,.329
203,NJIT,30,7,23,.233,-12.64,-5.67,,4,12,,5,8,,2,15,,2008,2182,,66.6,107.4,.278,.386,.539,52.2,49.1,7.7,8.8,.516,13.0,28.7,.187
204,Norfolk State,32,22,10,.688,-3.44,-6.33,,9,5,,10,2,,6,8,,2437,2199,,68.3,99.8,.367,.475,.525,46.3,62.2,9.9,7.1,.490,17.4,29.1,.251
205,North Alabama,32,18,14,.563,-8.27,-4.16,,10,8,,9,4,,8,10,,2396,2380,,69.3,106.1,.306,.363,.541,50.8,50.4,8.1,9.7,.510,14.1,27.6,.219
206,North Carolina,33,20,13,.606,13.03,7.76,,11,9,,12,3,,4,7,,2514,2340,,69.3,100.3,.263,.320,.516,46.4,42.0,8.1,9.1,.487,13.2,23.3,.186
207,North Carolina A&T,32,13,19,.406,-11.21,-3.76,,8,10,,8,5,,4,10,,2264,2362,,70.7,103.6,.289,.374,.528,52.5,48.9,7.1,7.9,.496,15.0,30.0,.210
208,North Carolina Central,30,18,12,.600,-2.77,-5.96,,10,4,,13,1,,4,10,,2268,1977,,70.2,92.4,.340,.368,.514,47.4,54.5,9.5,10.4,.481,20.7,28.6,.232
209,North Dakota,33,13,20,.394,-7.11,-2.60,,6,12,,8,8,,4,11,,2380,2438,,68.2,107.5,.268,.317,.555,51.3,39.7,8.8,8.7,.526,14.1,26.7,.200
210,North Dakota State,33,16,17,.485,-4.02,-1.57,,11,7,,9,4,,5,10,,2404,2414,,69.3,105.6,.267,.358,.534,47.9,42.8,9.4,7.4,.501,11.5,22.9,.201
211,North Florida,31,14,17,.452,-6.60,-2.39,,9,9,,11,2,,3,14,,2363,2405,,69.1,110.5,.234,.290,.540,52.2,52.3,10.0,9.5,.515,12.4,32.0,.171
212,North Texas,32,26,6,.813,9.49,1.62,,16,4,,12,2,,9,3,,2050,1763,,59.1,92.2,.404,.347,.495,45.8,41.4,9.0,7.3,.450,18.3,26.8,.279
213,Northeastern,30,10,20,.333,-10.36,-4.00,,6,12,,6,6,,3,12,,1959,2150,,67.1,105.9,.317,.295,.534,47.8,45.5,11.2,8.9,.501,12.7,26.9,.226
214,Northern Arizona,35,12,23,.343,-3.68,-0.01,,5,13,,6,8,,3,13,,2581,2615,,68.0,108.3,.383,.385,.577,50.0,52.4,7.1,8.6,.540,15.8,25.1,.284
215,Northern Colorado,32,12,20,.375,-4.22,-0.22,,6,12,,6,7,,3,12,,2355,2480,,69.3,110.9,.320,.332,.560,51.1,48.3,7.6,10.5,.529,12.4,26.9,.233
216,Northern Illinois,32,13,19,.406,-6.17,-2.27,,9,9,,5,7,,7,10,,2304,2401,,70.9,105.4,.357,.368,.542,53.2,48.5,9.4,8.5,.510,16.3,32.5,.247
217,Northern Iowa,32,14,18,.438,-2.19,-0.58,,9,11,,8,8,,4,7,,2244,2238,,67.8,102.3,.264,.469,.558,50.1,52.1,9.8,7.1,.532,16.9,22.5,.192
218,Northern Kentucky,34,22,12,.647,-0.96,-3.43,,14,6,,14,3,,6,6,,2320,2161,,63.6,98.2,.303,.392,.538,50.8,61.3,8.9,7.1,.509,20.9,31.9,.213
219,Northwestern,31,21,10,.677,13.60,8.41,,12,8,,13,5,,7,4,,2100,1932,,65.2,94.9,.308,.425,.513,50.3,62.0,7.2,10.4,.484,19.0,27.4,.210
220,Northwestern State,33,22,11,.667,-4.31,-6.62,,13,5,,10,3,,10,7,,2463,2378,,68.4,104.5,.382,.338,.553,51.4,52.2,8.0,8.5,.510,18.5,33.8,.287
221,Notre Dame,32,11,21,.344,2.12,4.62,,3,17,,11,8,,0,10,,2227,2307,,65.4,109.8,.265,.361,.550,53.6,50.7,7.3,9.9,.521,12.0,26.5,.198
222,Oakland,32,13,19,.406,-7.76,-2.60,,11,9,,8,6,,5,10,,2347,2442,,69.0,108.5,.227,.395,.566,54.6,61.7,8.1,8.3,.541,16.9,32.7,.172
223,Ohio,32,19,13,.594,1.47,-2.28,,10,8,,14,1,,4,11,,2527,2331,,69.6,104.2,.333,.388,.537,48.0,47.5,8.3,8.3,.509,15.5,28.8,.225
224,Ohio State,33,15,18,.455,13.27,9.73,,5,15,,10,6,,1,10,,2404,2276,,66.2,103.5,.276,.372,.520,47.6,48.8,7.2,6.8,.489,13.9,28.4,.199
225,Oklahoma,32,15,17,.469,11.97,11.84,,5,13,,9,7,,2,8,,2165,2161,,66.4,100.9,.301,.307,.512,50.0,42.9,10.6,9.9,.480,13.6,27.2,.211
226,Oklahoma State,33,18,15,.545,13.52,11.16,,8,10,,11,5,,4,7,,2259,2181,,68.3,96.4,.315,.380,.501,47.8,52.9,11.1,7.4,.459,16.5,28.3,.236
227,Old Dominion,31,19,12,.613,-0.20,-0.43,,11,7,,12,4,,6,5,,2073,2052,,65.6,100.5,.343,.423,.510,48.1,55.7,8.9,9.9,.479,15.0,28.7,.228
228,Omaha,32,9,23,.281,-10.36,-1.39,,4,14,,5,7,,1,15,,2192,2438,,68.3,111.1,.331,.409,.567,51.9,52.1,10.4,8.0,.532,14.0,28.6,.248
229,Oral Roberts,34,30,4,.882,9.61,-2.92,,18,0,,16,0,,11,4,,2864,2384,,71.7,97.8,.205,.398,.507,49.7,45.7,7.2,7.6,.483,15.7,27.1,.147
230,Oregon,33,19,14,.576,13.61,10.00,,12,8,,13,5,,4,6,,2332,2213,,66.2,100.9,.247,.372,.517,46.1,51.0,8.8,7.1,.484,14.4,25.8,.188
231,Oregon State,32,11,21,.344,0.52,7.04,,5,15,,10,7,,1,10,,1959,2144,,65.1,102.9,.340,.382,.529,51.9,58.0,10.0,9.9,.492,15.7,30.1,.246
232,Pacific,33,15,18,.455,-0.03,2.58,,7,9,,7,10,,7,7,,2502,2565,,70.8,109.0,.363,.403,.565,53.9,49.3,7.6,8.9,.539,15.9,30.7,.247
233,Penn State,32,20,12,.625,12.68,8.59,,10,10,,13,4,,4,7,,2322,2189,,64.2,104.5,.258,.379,.525,52.0,55.3,7.0,10.0,.499,12.1,24.9,.180
234,Pennsylvania,29,17,12,.586,0.68,-1.29,,9,5,,11,4,,6,9,,2179,2083,,68.0,103.8,.312,.444,.519,47.0,52.4,9.6,8.1,.489,13.0,27.3,.214
235,Pepperdine,31,9,22,.290,0.41,5.24,,2,14,,8,8,,0,12,,2417,2520,,73.9,108.2,.320,.340,.549,50.9,48.0,9.6,5.4,.521,14.1,29.3,.225
236,Pittsburgh,33,22,11,.667,9.94,4.30,,14,6,,14,3,,7,5,,2512,2326,,68.1,103.4,.306,.397,.524,48.3,52.9,7.4,10.1,.492,14.5,28.2,.217
237,Portland,33,14,19,.424,2.17,4.62,,5,11,,10,7,,2,10,,2566,2594,,71.1,109.7,.280,.436,.560,51.9,50.9,8.7,6.0,.538,14.8,30.0,.192
238,Portland State,31,12,19,.387,-4.80,-0.21,,6,11,,6,7,,5,9,,2363,2340,,72.3,104.4,.455,.339,.576,53.3,54.0,7.1,5.9,.532,19.6,29.9,.338
239,Prairie View,33,13,20,.394,-8.77,-6.45,,9,10,,9,4,,4,14,,2226,2256,,69.7,96.3,.411,.336,.528,48.6,48.2,8.1,10.5,.485,19.0,27.2,.294
240,Presbyterian,32,5,27,.156,-13.58,-5.04,,1,17,,5,9,,0,15,,2021,2223,,65.1,105.9,.388,.351,.557,50.1,47.6,10.6,11.8,.532,16.5,29.3,.254
241,Princeton,27,19,8,.704,2.63,-3.33,,10,4,,11,3,,7,4,,2053,1853,,69.7,97.2,.292,.328,.502,45.5,42.5,9.0,9.2,.472,13.3,22.3,.199
242,Providence,32,21,11,.656,12.88,6.10,,13,7,,15,2,,6,6,,2499,2282,,68.4,102.3,.255,.339,.531,45.4,48.2,8.7,9.6,.500,14.9,26.6,.190
243,Purdue,31,26,5,.839,19.55,8.94,,15,5,,14,2,,8,3,,2268,1937,,64.3,96.8,.186,.349,.495,41.6,50.6,9.4,8.7,.471,13.8,23.3,.136
244,Purdue-Fort Wayne,32,17,15,.531,-5.18,-4.68,,9,11,,9,6,,7,8,,2364,2234,,70.4,98.8,.227,.395,.528,49.3,46.6,9.4,10.2,.503,16.4,25.0,.163
245,Queens (NC),33,18,15,.545,-4.26,-4.36,,7,11,,8,5,,7,10,,2564,2463,,71.0,105.2,.251,.362,.546,47.5,47.9,9.0,12.0,.521,14.2,25.4,.180
246,Quinnipiac,32,20,12,.625,-2.39,-5.17,,11,9,,9,4,,9,6,,2335,2231,,69.3,99.4,.266,.366,.510,47.7,47.7,9.3,10.9,.481,14.7,27.8,.187
247,Radford,33,19,14,.576,-2.45,-4.49,,12,6,,10,3,,7,10,,2301,2142,,65.3,99.4,.309,.372,.538,48.4,47.3,8.5,7.2,.514,18.3,27.4,.206
248,Rhode Island,31,9,22,.290,-3.98,0.67,,5,13,,7,9,,1,10,,2046,2190,,68.3,102.1,.317,.347,.522,49.3,51.2,9.9,13.6,.491,15.0,29.5,.220
249,Rice,33,18,15,.545,-2.73,0.97,,8,12,,11,7,,6,7,,2530,2521,,70.8,106.2,.251,.366,.552,49.8,45.8,10.0,8.0,.531,14.6,25.1,.174
250,Richmond,33,15,18,.455,1.60,0.51,,7,11,,12,4,,1,11,,2273,2237,,66.4,100.5,.262,.403,.525,51.6,49.8,8.9,9.4,.496,15.2,25.4,.190
251,Rider,30,16,14,.533,-3.39,-4.81,,13,7,,8,5,,8,6,,2105,2027,,65.1,102.5,.380,.430,.528,46.6,52.8,9.1,7.5,.501,14.8,28.0,.245
252,Robert Morris,33,16,17,.485,-5.58,-5.32,,10,10,,11,4,,5,10,,2287,2205,,67.4,98.8,.306,.323,.526,49.2,44.0,10.0,7.4,.490,17.2,27.7,.224
253,Rutgers,32,19,13,.594,15.08,7.54,,10,10,,14,5,,4,7,,2175,1921,,66.4,90.1,.274,.430,.488,47.9,56.4,9.0,9.5,.457,19.1,27.2,.188
254,Sacramento State,32,14,18,.438,-4.28,-1.25,,7,11,,9,4,,5,10,,2114,2169,,63.3,105.0,.250,.305,.538,45.4,46.1,10.3,7.6,.510,13.0,23.8,.184
255,Sacred Heart,33,16,17,.485,-13.18,-11.31,,8,8,,9,6,,7,11,,2332,2351,,70.4,100.5,.270,.369,.528,51.0,53.2,10.5,7.9,.501,17.2,30.3,.189
256,Saint Francis (PA),31,13,18,.419,-13.90,-9.76,,9,7,,10,5,,3,13,,2263,2286,,69.2,106.1,.296,.353,.537,50.6,50.1,9.7,7.5,.510,13.4,28.3,.204
257,Saint Joseph's,33,16,17,.485,-0.19,-0.16,,8,10,,10,6,,4,7,,2388,2389,,69.4,103.5,.328,.421,.538,51.1,58.9,9.8,11.6,.505,16.4,30.7,.231
258,Saint Louis,32,21,11,.656,6.31,3.12,,12,6,,15,3,,4,7,,2415,2258,,69.8,101.2,.319,.384,.512,46.7,52.7,9.0,8.0,.474,13.4,26.1,.231
259,Saint Mary's (CA),33,26,7,.788,18.12,7.15,,14,2,,16,2,,6,2,,2355,1984,,63.8,93.1,.308,.317,.507,44.4,36.4,7.4,10.1,.466,17.3,21.8,.230
260,Saint Peter's,32,14,18,.438,-9.90,-5.25,,7,13,,8,6,,4,11,,1986,2083,,63.2,102.3,.509,.359,.541,48.1,50.0,7.2,11.8,.489,17.3,30.0,.365
261,Sam Houston State,32,25,7,.781,7.93,0.79,,14,4,,12,1,,10,5,,2341,1884,,66.9,87.3,.362,.468,.502,45.1,55.6,8.4,8.2,.462,22.2,24.4,.253
262,Samford,32,21,11,.656,0.67,-4.18,,15,3,,13,3,,8,7,,2519,2290,,69.9,100.8,.367,.439,.547,48.4,57.1,9.1,7.1,.512,18.3,26.6,.260
263,San Diego,31,11,20,.355,-1.58,3.77,,4,12,,8,9,,3,8,,2391,2495,,70.4,113.4,.323,.416,.595,51.2,60.2,7.6,7.8,.578,16.0,29.3,.216
264,San Diego State,32,26,6,.813,15.98,8.45,,15,3,,15,1,,8,2,,2316,2042,,66.6,95.1,.288,.401,.514,46.7,47.4,9.5,7.9,.477,17.7,25.5,.214
265,San Francisco,34,20,14,.588,6.55,4.19,,7,9,,11,5,,5,6,,2591,2496,,70.4,103.4,.374,.348,.546,48.7,45.0,9.4,8.4,.499,15.9,26.9,.287
266,San Jose State,33,20,13,.606,5.96,5.74,,10,8,,12,3,,5,8,,2228,2199,,63.3,104.1,.287,.357,.522,44.5,51.4,8.0,8.0,.482,11.6,24.1,.222
267,Santa Clara,32,23,9,.719,9.20,5.52,,11,5,,14,4,,6,3,,2482,2355,,71.4,101.9,.250,.387,.531,46.7,50.8,8.9,6.9,.503,14.6,24.0,.182
268,Seattle,32,20,12,.625,1.17,0.94,,11,7,,12,2,,7,7,,2303,2209,,70.8,97.1,.325,.348,.518,48.7,52.1,8.7,10.2,.484,16.5,25.6,.227
269,Seton Hall,32,17,15,.531,11.00,8.39,,10,10,,10,6,,6,6,,2192,2084,,67.9,95.9,.310,.369,.510,49.1,54.3,10.7,12.2,.474,18.5,30.0,.223
270,Siena,32,17,15,.531,-3.36,-4.74,,11,9,,8,5,,7,8,,2195,2151,,66.6,99.8,.330,.280,.527,48.1,43.0,11.3,8.7,.496,16.3,26.8,.226
271,South Alabama,35,19,16,.543,3.81,-0.25,,9,9,,10,4,,4,10,,2483,2282,,66.7,97.4,.278,.286,.496,52.3,41.0,7.9,8.1,.462,14.3,27.7,.199
272,South Carolina,32,11,21,.344,-1.88,6.41,,4,14,,7,8,,4,8,,2059,2324,,65.1,109.8,.294,.363,.549,50.7,54.4,11.1,10.3,.526,13.7,32.5,.198
273,South Carolina State,31,5,26,.161,-16.56,-3.96,,2,12,,4,6,,1,19,,2274,2599,,73.7,112.9,.435,.365,.603,51.2,58.5,10.1,10.1,.571,18.4,33.9,.314
274,South Carolina Upstate,31,16,15,.516,-7.64,-4.05,,10,8,,11,2,,4,12,,2136,2158,,68.4,101.4,.430,.362,.535,52.7,47.4,9.3,7.1,.493,18.1,31.8,.302
275,South Dakota,31,12,19,.387,-9.41,-2.86,,7,11,,8,6,,2,11,,2149,2282,,67.0,110.0,.304,.399,.554,50.5,46.9,9.4,11.0,.523,12.9,26.8,.222
276,South Dakota State,32,19,13,.594,-1.34,-1.60,,13,5,,10,2,,6,9,,2270,2233,,67.9,101.9,.229,.409,.536,51.2,49.4,9.2,9.1,.507,15.5,25.3,.174
277,South Florida,32,14,18,.438,2.15,2.15,,7,11,,9,9,,4,7,,2303,2303,,69.6,103.0,.371,.386,.538,47.6,54.9,9.8,8.1,.498,16.3,27.8,.271
278,Southeast Missouri State,35,19,16,.543,-7.19,-6.70,,10,8,,9,4,,5,11,,2718,2659,,73.8,101.1,.426,.358,.545,50.6,50.8,9.3,7.6,.509,17.4,26.9,.293
279,Southeastern Louisiana,32,18,14,.563,-7.64,-6.36,,12,6,,10,4,,7,8,,2483,2432,,70.4,105.9,.322,.412,.563,50.6,54.8,8.4,6.9,.539,17.7,29.6,.222
280,Southern,32,15,17,.469,-8.18,-6.11,,11,7,,9,2,,5,12,,2300,2280,,72.9,97.0,.420,.415,.546,52.3,59.7,9.0,10.9,.509,20.9,28.1,.292
281,Southern California,32,22,10,.688,13.76,8.23,,14,6,,15,2,,5,5,,2329,2152,,68.4,97.9,.298,.374,.490,50.4,56.3,9.9,7.8,.452,15.4,33.0,.214
282,Southern Illinois,33,23,10,.697,1.64,-1.64,,14,6,,13,2,,8,6,,2168,2026,,64.8,94.4,.295,.344,.502,50.6,49.1,9.7,10.3,.477,17.5,26.9,.192
283,SIU Edwardsville,33,19,14,.576,-6.29,-7.35,,9,9,,9,5,,7,8,,2463,2353,,70.7,100.8,.334,.361,.525,48.9,47.4,8.4,7.6,.486,16.8,29.6,.244
284,Southern Indiana,32,16,16,.500,-8.26,-7.33,,9,9,,10,4,,5,11,,2448,2370,,70.8,103.4,.388,.403,.544,46.7,49.0,8.8,11.6,.505,15.8,25.5,.279
285,Southern Methodist,32,10,22,.313,0.34,5.66,,5,13,,7,9,,1,11,,2248,2418,,70.6,105.4,.328,.371,.548,51.8,57.3,9.8,11.9,.518,16.3,30.5,.232
286,Southern Mississippi,32,25,7,.781,4.26,-1.74,,14,4,,15,0,,8,6,,2376,2094,,68.6,95.4,.304,.380,.507,47.8,52.7,9.6,6.6,.473,18.3,28.4,.215
287,Southern Utah,34,22,12,.647,3.80,2.20,,12,6,,13,2,,5,8,,2805,2527,,73.6,99.5,.309,.373,.542,47.2,49.1,8.9,8.8,.511,17.6,24.2,.220
288,St. Bonaventure,32,14,18,.438,-1.09,-0.19,,8,10,,11,4,,2,11,,2136,2165,,66.7,100.7,.409,.394,.529,51.3,56.3,8.9,7.7,.486,17.0,29.4,.292
289,St. Francis (NY),30,14,16,.467,-17.02,-11.70,,7,9,,10,5,,4,11,,1946,2034,,67.1,100.6,.308,.271,.529,50.9,53.5,9.5,8.2,.499,17.5,31.6,.214
290,St. John's (NY),33,18,15,.545,8.58,6.43,,7,13,,12,6,,3,9,,2552,2481,,73.8,100.4,.296,.394,.534,47.1,57.5,11.0,6.9,.502,17.3,27.6,.213
291,St. Thomas,33,19,14,.576,-2.69,-4.23,,9,9,,12,2,,4,11,,2447,2316,,67.0,104.7,.304,.358,.548,51.9,46.5,6.3,11.2,.515,15.6,28.1,.225
292,Stanford,33,14,19,.424,10.05,8.08,,7,13,,9,6,,2,8,,2321,2256,,66.1,103.4,.286,.408,.546,47.8,51.5,9.0,8.1,.515,16.2,26.4,.209
293,Stephen F. Austin,32,19,13,.594,0.95,-0.47,,11,7,,12,4,,6,5,,2427,2238,,70.9,96.8,.410,.371,.538,49.2,60.1,8.5,8.1,.501,21.8,31.0,.285
294,Stetson,30,17,13,.567,-2.56,-2.56,,12,6,,9,3,,7,9,,2298,2200,,65.5,109.6,.282,.377,.554,49.1,51.3,7.7,7.0,.524,13.4,28.0,.209
295,Stonehill,31,14,17,.452,-13.25,-8.98,,10,6,,7,4,,6,12,,2076,2157,,67.5,101.8,.271,.403,.525,53.9,54.6,10.2,9.5,.497,16.9,30.9,.190
296,Stony Brook,33,11,22,.333,-12.41,-4.08,,6,12,,7,7,,3,13,,2083,2279,,65.1,105.8,.253,.437,.526,50.9,53.6,11.1,7.4,.501,12.3,26.8,.177
297,Syracuse,32,17,15,.531,5.39,4.18,,10,10,,11,7,,5,6,,2372,2333,,68.3,105.9,.217,.483,.533,51.0,72.7,9.5,6.6,.512,15.8,33.6,.152
298,Tarleton State,33,17,16,.515,-0.42,2.07,,8,9,,12,2,,2,12,,2376,2236,,69.3,97.4,.435,.438,.561,51.3,57.1,7.1,8.7,.519,23.1,28.8,.315
299,TCU,33,21,12,.636,16.26,8.98,,9,9,,13,4,,3,7,,2481,2241,,70.8,95.5,.297,.350,.512,49.2,55.9,9.1,10.1,.478,19.0,30.7,.211
300,Temple,31,16,15,.516,4.96,5.59,,10,8,,9,7,,6,6,,2173,2163,,67.0,102.1,.321,.335,.519,49.5,51.5,10.7,8.5,.486,14.5,28.9,.224
301,Tennessee,32,23,9,.719,21.91,8.15,,11,7,,14,2,,4,6,,2298,1836,,66.2,86.4,.353,.415,.467,45.1,50.1,10.3,8.7,.417,19.5,27.2,.255
302,Tennessee State,32,18,14,.563,-8.83,-8.76,,10,8,,13,4,,4,8,,2499,2401,,72.8,103.0,.400,.366,.547,49.7,48.7,8.7,9.0,.502,16.6,26.8,.298
303,Tennessee Tech,33,16,17,.485,-9.22,-6.18,,11,7,,11,5,,4,11,,2432,2421,,69.3,103.1,.256,.391,.533,51.6,56.8,9.7,9.4,.502,16.1,29.5,.190
304,Tennessee-Martin,33,19,14,.576,-8.49,-7.73,,10,8,,14,2,,4,11,,2658,2489,,73.5,101.4,.327,.404,.519,48.7,54.0,8.5,9.9,.487,15.1,27.6,.224
305,Texas,33,25,8,.758,21.31,10.87,,12,6,,17,1,,4,6,,2571,2236,,70.4,95.1,.352,.356,.520,50.6,48.8,8.0,8.5,.479,19.9,29.6,.255
306,Texas A&M,32,24,8,.750,15.10,7.28,,15,3,,15,1,,7,4,,2340,2094,,67.2,97.4,.354,.457,.512,46.2,59.6,10.8,11.3,.474,18.1,30.0,.249
307,Texas A&M-Commerce,33,13,20,.394,-10.60,-7.26,,10,10,,7,7,,7,12,,2362,2421,,66.8,107.4,.381,.348,.559,51.4,50.1,9.4,7.3,.522,15.7,29.8,.275
308,Texas A&M-Corpus Christi,33,23,10,.697,-2.31,-7.66,,14,4,,14,2,,7,7,,2653,2394,,71.6,100.5,.360,.429,.547,47.4,57.3,8.9,8.2,.517,18.9,27.8,.248
309,Texas Southern,32,12,20,.375,-9.45,-4.48,,7,11,,7,6,,3,13,,2226,2315,,71.1,99.4,.359,.350,.528,48.7,47.2,10.8,7.8,.490,16.6,26.9,.255
310,Texas State,35,16,19,.457,-2.06,-0.43,,6,12,,4,10,,7,7,,2309,2334,,64.9,102.8,.404,.332,.544,48.5,46.6,9.6,8.1,.505,16.6,27.5,.288
311,Texas Tech,32,16,16,.500,13.11,8.77,,5,13,,11,6,,3,7,,2347,2208,,68.9,99.4,.284,.428,.520,48.3,54.5,10.3,10.2,.489,17.3,30.1,.202
312,Texas-Rio Grande Valley,32,15,17,.469,-6.17,-0.25,,5,12,,12,6,,3,10,,2518,2502,,74.3,104.4,.366,.365,.543,47.6,61.4,10.4,9.4,.502,15.2,27.5,.270
313,The Citadel,32,10,22,.313,-11.97,-3.61,,5,13,,5,9,,4,11,,2158,2374,,68.2,108.8,.336,.418,.550,53.9,51.4,10.4,10.1,.516,14.3,30.6,.243
314,Toledo,33,27,6,.818,6.51,-2.35,,16,2,,13,1,,10,3,,2842,2518,,71.2,107.1,.273,.373,.554,49.4,49.6,7.5,8.4,.523,16.0,30.3,.205
315,Towson,33,21,12,.636,0.29,-4.74,,12,6,,10,2,,8,7,,2368,2202,,65.7,100.5,.295,.399,.523,45.6,50.6,8.4,7.4,.486,15.6,26.7,.222
316,Troy,33,20,13,.606,1.64,-0.99,,11,7,,11,3,,7,8,,2414,2204,,69.2,95.9,.336,.357,.524,49.7,46.4,9.5,8.4,.482,19.6,29.2,.252
317,Tulane,30,20,10,.667,5.83,3.05,,12,6,,12,3,,5,4,,2424,2298,,73.8,102.0,.295,.419,.530,54.5,62.2,8.1,12.0,.503,16.8,30.4,.204
318,Tulsa,30,5,25,.167,-8.04,4.10,,1,17,,4,10,,0,12,,1959,2323,,68.7,111.7,.278,.396,.563,54.8,57.4,10.8,11.1,.536,14.7,33.0,.203
319,UAB,33,24,9,.727,9.79,1.11,,14,6,,15,2,,6,5,,2721,2354,,71.3,97.2,.303,.369,.513,45.8,49.0,9.1,8.5,.478,17.4,28.6,.218
320,UC Davis,32,18,14,.563,0.14,-1.29,,11,8,,10,4,,5,9,,2392,2274,,70.9,99.0,.313,.300,.532,47.0,44.5,9.4,8.8,.501,18.1,27.6,.220
321,UC Irvine,34,23,11,.676,5.11,-0.61,,15,5,,11,4,,9,6,,2559,2268,,69.9,95.1,.356,.354,.499,47.4,50.4,8.5,7.6,.453,16.0,25.2,.262
322,UC Riverside,34,22,12,.647,1.18,0.12,,14,6,,9,4,,9,7,,2463,2352,,67.4,101.1,.369,.291,.542,46.3,45.8,8.7,8.2,.504,15.8,22.5,.265
323,UC San Diego,30,10,20,.333,-6.47,-0.29,,5,13,,4,10,,6,9,,2057,2189,,67.0,106.3,.272,.358,.542,52.4,55.8,8.7,9.3,.513,14.6,28.5,.198
324,UC Santa Barbara,34,27,7,.794,3.91,-2.16,,15,5,,12,3,,10,4,,2454,2231,,65.6,99.7,.286,.312,.530,48.5,48.2,7.5,6.1,.495,16.7,25.8,.216
325,UCLA,34,29,5,.853,22.60,8.99,,18,2,,17,0,,9,2,,2513,2050,,67.3,89.6,.276,.393,.498,47.3,51.4,6.9,6.3,.468,20.8,27.6,.193
326,UNC Asheville,34,27,7,.794,-1.48,-5.33,,16,2,,13,0,,10,6,,2551,2332,,69.5,97.3,.261,.347,.503,49.2,45.4,9.8,10.6,.472,15.9,28.1,.187
327,UNC Greensboro,32,20,12,.625,1.72,-2.85,,14,4,,11,3,,8,6,,2306,2064,,67.2,95.2,.304,.411,.501,47.4,47.1,8.6,6.6,.470,17.1,26.3,.207
328,UNC Wilmington,34,24,10,.706,-1.19,-3.07,,12,6,,11,3,,8,6,,2343,2187,,65.4,97.2,.365,.367,.523,49.5,39.8,8.6,7.9,.485,18.4,28.0,.256
329,UT Arlington,32,11,21,.344,-4.76,2.35,,6,12,,6,8,,4,9,,2125,2190,,67.6,100.9,.372,.380,.542,48.5,54.1,8.9,8.4,.506,18.4,29.2,.262
330,Utah,32,17,15,.531,11.89,5.99,,10,10,,13,5,,4,7,,2197,2043,,66.5,95.6,.244,.351,.476,47.2,53.5,9.3,10.5,.450,13.1,27.3,.162
331,Utah State,32,25,7,.781,15.26,7.29,,13,5,,14,2,,6,4,,2542,2246,,69.2,101.0,.296,.338,.523,47.0,47.6,7.9,7.8,.485,14.4,24.6,.222
332,Utah Tech,33,14,19,.424,0.16,1.33,,5,13,,9,5,,3,13,,2495,2420,,70.8,102.8,.347,.373,.561,48.5,53.0,9.9,9.8,.526,18.5,26.3,.254
333,Utah Valley,33,25,8,.758,7.28,0.91,,15,3,,13,1,,10,5,,2539,2244,,71.9,93.6,.290,.331,.472,47.7,45.3,9.0,7.4,.440,14.9,28.9,.194
334,UTEP,32,14,18,.438,-1.02,1.54,,7,13,,11,7,,3,10,,2192,2192,,68.3,97.7,.361,.374,.545,48.3,44.3,11.2,9.0,.509,21.0,28.7,.258
335,UTSA,32,10,22,.313,-8.02,0.88,,4,16,,8,10,,2,11,,2217,2450,,69.5,109.3,.310,.374,.544,51.1,50.8,9.9,13.7,.515,13.6,31.2,.219
336,Valparaiso,32,11,21,.344,-8.26,-2.30,,5,15,,8,7,,2,12,,2206,2355,,68.7,104.7,.311,.374,.545,50.7,52.7,10.0,6.9,.511,14.1,24.6,.228
337,Vanderbilt,33,20,13,.606,9.29,8.88,,11,7,,12,5,,5,6,,2390,2364,,66.9,106.2,.313,.369,.519,50.1,49.6,8.2,7.9,.486,12.8,31.7,.219
338,Vermont,32,22,10,.688,1.77,-3.67,,14,2,,13,1,,9,6,,2338,2139,,65.6,100.7,.262,.368,.541,50.6,45.0,7.5,8.3,.513,15.8,22.1,.191
339,Villanova,32,17,15,.531,10.79,8.67,,10,10,,10,4,,5,8,,2250,2168,,64.9,103.9,.276,.412,.544,50.9,59.8,8.4,10.8,.508,15.2,25.1,.214
340,Virginia,31,25,6,.806,13.69,6.13,,15,5,,15,1,,6,5,,2121,1869,,62.4,96.2,.254,.400,.516,49.9,52.8,7.5,11.1,.483,17.5,25.2,.190
341,Virginia Commonwealth,32,25,7,.781,9.84,1.41,,15,3,,15,3,,8,3,,2271,2005,,68.6,91.3,.303,.339,.504,49.8,50.8,9.8,9.1,.470,21.3,29.6,.212
342,VMI,32,7,25,.219,-16.12,-3.44,,2,16,,6,8,,1,14,,2220,2457,,67.5,112.8,.269,.497,.579,48.9,60.2,9.2,12.7,.558,13.8,26.7,.189
343,Virginia Tech,33,19,14,.576,9.58,5.13,,8,12,,13,4,,2,9,,2449,2302,,66.7,104.1,.249,.358,.531,50.1,47.6,8.4,9.9,.506,14.3,27.4,.176
344,Wagner,28,15,13,.536,-12.24,-11.27,,8,8,,8,4,,7,9,,1766,1727,,63.5,96.3,.465,.362,.534,46.3,53.7,9.3,10.2,.486,18.9,23.8,.332
345,Wake Forest,33,19,14,.576,8.24,5.43,,10,10,,13,3,,4,8,,2528,2435,,70.1,104.5,.267,.386,.543,50.3,46.3,9.9,11.9,.516,15.2,26.6,.192
346,Washington,32,16,16,.500,7.30,8.45,,8,12,,12,6,,2,9,,2213,2250,,69.2,100.1,.254,.370,.501,52.9,60.1,9.9,9.9,.471,15.5,34.6,.180
347,Washington State,33,17,16,.515,11.41,8.50,,11,9,,10,3,,5,8,,2250,2154,,64.6,100.7,.285,.320,.523,47.6,48.0,9.0,8.0,.496,14.6,25.9,.196
348,Weber State,33,18,15,.545,-2.61,-0.99,,12,6,,8,4,,8,8,,2219,2229,,65.7,101.0,.309,.414,.552,50.3,58.3,8.4,9.2,.525,17.5,22.6,.216
349,West Virginia,33,19,14,.576,16.53,11.26,,7,11,,13,4,,3,8,,2518,2344,,69.9,101.3,.384,.350,.547,48.0,50.3,9.5,6.4,.507,18.4,29.3,.279
350,Western Carolina,33,18,15,.545,-6.20,-4.17,,10,8,,9,5,,6,9,,2457,2340,,68.5,101.6,.325,.301,.524,48.6,43.1,8.1,10.4,.489,13.9,24.6,.232
351,Western Illinois,30,16,14,.533,-7.13,-4.28,,9,9,,11,4,,5,9,,2191,2171,,68.8,104.8,.263,.331,.542,50.1,38.7,7.3,7.8,.515,15.0,26.6,.188
352,Western Kentucky,33,17,16,.515,-1.17,0.74,,8,12,,9,5,,5,9,,2355,2330,,68.4,102.4,.245,.424,.520,51.7,51.4,8.8,6.3,.495,15.6,30.8,.171
353,Western Michigan,31,8,23,.258,-10.16,-1.95,,4,14,,7,7,,1,15,,2166,2295,,66.7,111.0,.314,.401,.563,46.6,54.3,9.4,8.4,.535,13.0,26.3,.224
354,Wichita State,32,17,15,.531,6.21,3.68,,9,9,,8,8,,7,4,,2272,2191,,67.8,99.5,.259,.408,.505,48.5,56.9,10.1,9.3,.475,14.7,28.2,.185
355,William & Mary,33,13,20,.394,-10.97,-4.17,,7,11,,11,5,,1,14,,2219,2320,,65.3,107.3,.272,.365,.552,50.4,48.8,9.4,14.4,.528,15.1,28.8,.191
356,Winthrop,32,15,17,.469,-6.58,-3.55,,10,8,,10,4,,4,11,,2360,2382,,67.8,109.4,.293,.381,.553,52.3,50.7,11.0,13.5,.537,15.3,33.4,.187
357,Wisconsin,31,17,14,.548,10.68,9.56,,9,11,,9,6,,5,6,,2013,1978,,63.1,98.8,.280,.358,.528,53.0,43.3,7.1,10.3,.503,16.6,25.4,.192
358,Wofford,33,17,16,.515,-4.83,-3.13,,8,10,,12,4,,4,11,,2466,2392,,66.4,107.5,.256,.420,.559,48.5,45.7,8.5,8.6,.533,14.7,27.0,.188
359,Wright State,33,18,15,.545,-2.10,-5.65,,10,10,,9,6,,7,8,,2637,2432,,72.0,100.1,.269,.387,.523,48.4,41.6,10.8,6.1,.499,15.7,26.7,.182
360,Wyoming,31,9,22,.290,2.64,6.74,,4,14,,7,8,,1,8,,2144,2234,,66.4,108.0,.289,.395,.567,50.7,48.9,9.2,10.5,.531,14.9,25.1,.227
361,Xavier,33,25,8,.758,16.42,9.07,,15,5,,15,2,,7,4,,2717,2453,,72.0,102.8,.271,.339,.536,45.9,54.4,9.9,9.4,.507,14.9,25.5,.195
362,Yale,27,20,7,.741,8.42,-2.43,,10,4,,10,1,,8,6,,2066,1692,,67.5,92.0,.323,.405,.497,45.2,50.5,8.4,7.1,.462,16.9,22.5,.222
363,Youngstown State,33,24,9,.727,1.73,-6.18,,15,5,,14,2,,9,6,,2721,2396,,69.5,102.5,.256,.341,.536,48.0,49.1,7.4,5.9,.512,16.1,28.3,.179