,,Overall,Overall,Overall,Overall,Overall,Overall,,Conf.,Conf.,,Home,Home,,Away,Away,,Points,Points,,Opponent,Opponent,Opponent,Opponent,Opponent,Opponent,Opponent,Opponent,Opponent,Opponent,Opponent,Opponent,Opponent,Opponent,Opponent,Opponent,Opponent
Rk,School,G,W,L,W-L%,SRS,SOS,,W,L,,W,L,,W,L,,Tm.,Opp.,,MP,FG,FGA,FG%,3P,3PA,3P%,FT,FTA,FT%,ORB,TRB,AST,STL,BLK,TOV,PF
1,Abilene Christian,30,13,17,.433,-2.51,1.18,,5,11,,9,5,,4,8,,2249,2133,,1210,727,1526,.476,188,517,.364,491,687,.715,240,1008,374,167,98,530,573
2,Air Force,32,14,18,.438,2.60,2.72,,5,13,,10,9,,4,9,,2142,2146,,1295,764,1718,.445,166,566,.293,452,604,.748,293,1036,323,183,99,352,545
3,Akron,32,22,10,.688,4.62,-1.22,,13,5,,15,1,,5,6,,2390,2130,,1290,777,1807,.430,220,643,.342,356,484,.736,281,1042,362,180,97,400,590
4,Alabama,32,27,5,.844,23.53,10.01,,16,2,,15,0,,9,3,,2640,2205,,1310,772,2057,.375,176,630,.279,485,686,.707,383,1194,324,233,123,385,649
5,Alabama A&M,32,15,17,.469,-10.38,-7.31,,10,8,,9,8,,5,8,,2236,2266,,1296,757,1785,.424,246,719,.342,506,715,.708,382,1140,410,250,111,497,559
6,Alabama State,31,8,23,.258,-15.97,-5.94,,6,12,,5,5,,2,18,,1963,2252,,1245,801,1839,.436,216,635,.340,434,632,.687,375,1184,367,218,153,379,513
7,Albany (NY),31,8,23,.258,-14.37,-4.55,,3,13,,5,6,,2,16,,2086,2332,,1245,836,1704,.491,201,571,.352,459,630,.729,256,1040,450,203,111,364,507
8,Alcorn State,31,18,13,.581,-8.40,-5.88,,15,3,,7,2,,10,9,,2112,2190,,1261,756,1691,.447,225,681,.330,453,660,.686,311,1041,441,178,106,451,548
9,American,32,17,15,.531,-8.24,-7.71,,7,11,,8,6,,9,9,,2093,2110,,1300,754,1665,.453,216,561,.385,386,534,.723,275,931,394,264,75,390,486
10,Appalachian State,32,16,16,.500,-1.29,-0.77,,9,9,,10,7,,6,7,,2248,2067,,1290,753,1870,.403,235,729,.322,326,456,.715,322,1152,378,192,76,399,512
11,Arizona,34,28,6,.824,20.00,8.83,,14,6,,15,2,,6,4,,2811,2431,,1360,879,2152,.408,273,833,.328,400,560,.714,351,1125,434,268,116,420,656
12,Arizona State,34,22,12,.647,11.03,8.41,,11,9,,10,5,,7,6,,2391,2302,,1375,789,1982,.398,260,774,.336,464,661,.702,404,1319,425,210,103,489,614
13,Arkansas,33,20,13,.606,16.64,9.61,,8,10,,14,3,,2,8,,2456,2224,,1325,772,1840,.420,169,553,.306,511,716,.714,327,1083,341,219,91,473,620
14,Arkansas State,33,13,20,.394,-7.78,-3.01,,4,14,,10,8,,2,11,,2169,2232,,1325,778,1776,.438,219,596,.367,457,615,.743,298,1093,378,199,112,382,549
15,Arkansas-Pine Bluff,31,10,21,.323,-12.49,-4.86,,6,12,,8,5,,2,16,,2074,2162,,1250,738,1689,.437,197,603,.327,489,695,.704,287,1127,437,262,105,497,523
16,Army,33,17,16,.515,-7.23,-7.68,,10,8,,10,5,,7,8,,2412,2322,,1330,852,1909,.446,243,733,.332,375,539,.696,262,1002,448,227,102,356,533
17,Auburn,32,20,12,.625,14.93,9.28,,10,8,,14,2,,4,8,,2327,2146,,1285,735,1807,.407,178,618,.288,498,706,.705,370,1122,358,230,104,427,567
18,Austin Peay,31,9,22,.290,-12.45,-2.72,,3,15,,7,8,,1,13,,2067,2241,,1245,796,1664,.478,202,593,.341,447,604,.740,291,1092,427,192,80,421,480
19,Ball State,32,20,12,.625,-0.75,-3.05,,11,7,,12,2,,6,7,,2445,2292,,1285,823,1873,.439,237,619,.383,409,561,.729,311,1054,306,198,79,373,650
20,Baylor,32,22,10,.688,18.08,11.18,,11,7,,14,3,,5,5,,2469,2248,,1285,815,1798,.453,219,680,.322,399,564,.707,327,1029,492,201,94,432,593
21,Bellarmine,33,15,18,.455,-7.37,-1.31,,9,9,,8,6,,6,12,,2187,2216,,1330,763,1717,.444,315,889,.354,375,520,.721,276,1039,448,179,67,394,491
22,Belmont,32,21,11,.656,2.30,-1.51,,14,6,,12,2,,7,7,,2447,2299,,1290,852,1895,.450,230,645,.357,365,547,.667,334,1127,420,184,111,406,478
23,Bethune-Cookman,33,13,20,.394,-16.45,-7.48,,9,10,,8,5,,4,13,,2232,2459,,1325,863,1919,.450,245,702,.349,488,663,.736,380,1256,448,232,128,449,554
24,Binghamton,31,13,18,.419,-10.46,-5.53,,8,8,,8,7,,5,11,,2133,2217,,1260,781,1786,.437,203,618,.328,452,619,.730,305,1042,322,229,95,334,506
25,Boise State,32,24,8,.750,13.63,6.60,,13,5,,15,1,,5,6,,2322,2051,,1295,755,1828,.413,206,667,.309,335,484,.692,268,1024,341,168,104,379,533
26,Boston College,33,16,17,.485,1.13,4.76,,9,11,,9,7,,4,7,,2197,2317,,1330,833,1882,.443,274,744,.368,377,519,.726,310,1122,408,219,109,406,505
27,Boston University,32,15,17,.469,-8.16,-6.58,,8,10,,9,4,,6,11,,2147,2151,,1300,749,1725,.434,227,676,.336,426,618,.689,259,1077,371,199,124,397,508
28,Bowling Green State,31,11,20,.355,-8.09,-3.44,,5,13,,7,9,,4,11,,2355,2434,,1240,866,1857,.466,253,708,.357,449,616,.729,298,1074,451,185,108,357,556
29,Bradley,34,25,9,.735,7.37,-0.60,,16,4,,15,1,,8,5,,2411,2114,,1365,735,1817,.405,223,700,.319,421,564,.746,276,1072,358,217,80,439,539
30,Brigham Young,34,19,15,.559,9.91,5.88,,7,9,,12,4,,2,7,,2568,2376,,1365,819,1898,.432,243,717,.339,495,712,.695,282,1084,411,248,87,463,605
31,Brown,27,14,13,.519,-2.67,-2.89,,7,7,,7,5,,7,8,,1878,1872,,1086,689,1541,.447,200,571,.350,294,414,.710,218,929,325,183,82,374,459
32,Bryant,30,17,13,.567,-3.64,-4.57,,8,8,,9,4,,7,8,,2381,2193,,1205,778,1849,.421,237,719,.330,400,570,.702,284,1021,433,208,88,372,540
33,Bucknell,32,12,20,.375,-9.58,-7.14,,5,13,,7,7,,3,13,,2161,2192,,1290,815,1846,.441,237,666,.356,325,506,.642,272,1020,453,247,100,332,472
34,Buffalo,32,15,17,.469,-2.67,0.97,,9,9,,11,4,,3,9,,2481,2485,,1285,881,1942,.454,244,696,.351,479,682,.702,322,1125,469,210,104,447,551
35,Butler,32,14,18,.438,5.86,8.55,,6,14,,10,6,,3,10,,2088,2174,,1280,838,1874,.447,200,623,.321,298,423,.704,328,1161,440,219,105,400,455
36,Cal Poly,33,8,25,.242,-7.01,-0.05,,1,18,,6,11,,1,13,,2006,2174,,1330,732,1689,.433,208,610,.341,502,695,.722,262,1069,373,205,98,408,575
37,Cal State Bakersfield,33,11,22,.333,-7.87,-1.00,,6,14,,6,8,,3,12,,1995,2134,,1340,700,1639,.427,238,695,.342,496,694,.715,289,1067,373,193,81,445,510
38,Cal State Fullerton,33,20,13,.606,2.23,0.23,,12,6,,11,2,,7,8,,2283,2148,,1360,754,1812,.416,220,705,.312,420,591,.711,328,1153,372,199,97,466,633
39,Cal State Northridge,32,7,25,.219,-9.91,-1.24,,4,16,,7,8,,0,14,,2028,2194,,1285,737,1729,.426,221,656,.337,499,666,.749,322,1126,397,174,86,383,573
40,California,32,3,29,.094,-2.87,8.91,,2,18,,3,14,,0,12,,1866,2243,,1290,801,1772,.452,227,679,.334,414,578,.716,318,1137,413,185,130,332,526
41,California Baptist,33,17,16,.515,0.48,-0.43,,7,10,,12,5,,4,8,,2291,2156,,1330,790,1863,.424,185,610,.303,391,538,.727,290,1118,365,181,86,358,596
42,Campbell,34,16,18,.471,-5.22,-4.88,,8,10,,8,6,,4,10,,2374,2329,,1385,834,1837,.454,263,763,.345,398,573,.695,297,1084,408,205,115,420,620
43,Canisius,30,10,20,.333,-6.93,-3.34,,8,12,,7,7,,3,12,,2111,2169,,1225,815,1747,.467,203,554,.366,334,478,.699,298,1073,400,189,96,395,473
44,Central Arkansas,31,9,22,.290,-13.63,-3.06,,4,14,,6,8,,2,13,,2261,2527,,1255,923,1963,.470,279,769,.363,402,571,.704,337,1210,432,226,105,385,451
45,Central Connecticut State,32,10,22,.313,-14.05,-9.86,,7,9,,6,7,,4,14,,2111,2245,,1295,821,1836,.447,242,683,.354,361,485,.744,302,1116,464,215,108,350,440
46,Central Florida,31,18,13,.581,11.24,4.99,,8,10,,11,6,,4,6,,2235,2030,,1275,709,1690,.420,203,658,.309,409,564,.725,329,1034,377,204,90,459,515
47,Central Michigan,31,10,21,.323,-11.59,-2.25,,5,13,,6,8,,3,12,,2038,2263,,1245,769,1757,.438,255,735,.347,470,696,.675,350,1106,399,257,86,415,619
48,Charleston Southern,31,10,21,.323,-9.40,-4.43,,5,13,,6,8,,3,12,,2251,2305,,1245,803,1747,.460,253,704,.359,446,619,.721,304,1048,410,172,91,350,477
49,Charlotte,32,18,14,.563,3.62,-0.35,,9,11,,11,4,,5,8,,2135,2008,,1305,734,1687,.435,225,649,.347,315,429,.734,233,949,310,181,92,353,433
50,Chattanooga,35,18,17,.514,-2.18,-3.18,,7,11,,9,7,,6,9,,2702,2523,,1405,888,2099,.423,298,893,.334,449,586,.766,324,1185,404,219,85,369,588
51,Chicago State,31,11,20,.355,-10.93,-3.15,,,,,8,0,,3,20,,2180,2264,,1245,812,1783,.455,234,680,.344,406,581,.699,335,1037,451,208,111,357,500
52,Cincinnati,31,20,11,.645,11.99,5.09,,11,7,,15,3,,4,6,,2416,2161,,1250,787,1839,.428,182,566,.322,405,541,.749,297,1063,392,168,86,378,481
53,Clemson,33,23,10,.697,11.23,4.08,,14,6,,15,1,,5,6,,2476,2240,,1330,777,1910,.407,256,771,.332,430,588,.731,295,1088,381,187,85,375,563
54,Cleveland State,34,21,13,.618,-1.90,-4.93,,14,6,,13,3,,7,9,,2437,2314,,1380,820,1947,.421,237,745,.318,437,596,.733,415,1196,415,212,130,475,551
55,Coastal Carolina,31,11,20,.355,-8.71,-1.53,,5,13,,8,8,,3,11,,2273,2294,,1250,808,1893,.427,305,859,.355,373,520,.717,343,1098,447,206,100,358,498
56,Colgate,34,26,8,.765,2.28,-6.63,,17,1,,14,2,,11,4,,2672,2345,,1360,906,1998,.453,257,730,.352,276,402,.687,276,1069,491,202,104,419,502
57,College of Charleston,34,31,3,.912,8.46,-4.51,,16,2,,17,1,,11,2,,2747,2290,,1370,875,2029,.431,201,655,.307,339,499,.679,311,1149,398,193,122,468,622
58,Colorado,33,17,16,.515,12.06,8.79,,8,12,,12,4,,2,9,,2311,2203,,1320,787,1863,.422,204,641,.318,425,599,.710,291,1107,367,239,136,451,576
59,Colorado State,33,15,18,.455,6.23,6.44,,6,12,,9,7,,4,8,,2391,2355,,1335,827,1859,.445,295,809,.365,406,550,.738,302,1093,423,188,107,400,546
60,Columbia,29,7,22,.241,-14.65,-2.65,,2,12,,6,9,,1,13,,1966,2197,,1170,819,1792,.457,210,634,.331,349,499,.699,344,1145,447,193,124,379,443
61,Connecticut,31,24,7,.774,20.88,7.45,,13,7,,15,2,,6,5,,2450,2017,,1240,692,1689,.410,145,487,.298,488,662,.737,282,927,282,210,93,417,540
62,Coppin State,32,9,23,.281,-14.60,-3.44,,4,10,,4,6,,5,16,,2304,2661,,1300,937,2029,.462,285,839,.340,502,694,.723,425,1325,548,241,99,440,566
63,Cornell,27,17,10,.630,0.39,-2.65,,7,7,,11,2,,6,8,,2227,2049,,1085,747,1587,.471,221,634,.349,334,470,.711,262,923,436,176,80,432,472
64,Creighton,33,21,12,.636,17.69,9.54,,14,6,,13,2,,5,6,,2529,2260,,1330,875,2074,.422,211,618,.341,299,410,.729,288,1103,412,204,94,330,523
65,Dartmouth,28,10,18,.357,-8.14,-2.68,,6,8,,7,5,,3,11,,1998,2027,,1135,736,1669,.441,192,580,.331,363,499,.727,253,993,324,236,86,346,481
66,Davidson,32,16,16,.500,2.21,1.69,,8,10,,7,8,,6,6,,2236,2197,,1295,817,1843,.443,221,678,.326,342,487,.702,305,1109,399,190,122,371,579
67,Dayton,32,21,11,.656,9.28,1.06,,12,6,,14,2,,5,6,,2200,1939,,1290,715,1834,.390,203,707,.287,306,432,.708,315,1000,341,188,74,338,553
68,Delaware,33,17,16,.515,-5.60,-3.75,,8,10,,10,5,,4,10,,2298,2333,,1330,850,1888,.450,238,653,.364,395,547,.722,329,1175,454,203,109,421,585
69,Delaware State,30,6,24,.200,-17.71,-4.96,,4,11,,4,8,,2,14,,1939,2265,,1210,772,1660,.465,283,702,.403,438,633,.692,281,1038,477,235,105,425,519
70,Denver,32,15,17,.469,-9.08,-5.42,,6,12,,9,5,,4,11,,2325,2402,,1300,871,1950,.447,263,785,.335,397,526,.755,313,995,448,216,117,359,621
71,DePaul,33,10,23,.303,2.96,9.08,,3,17,,7,8,,2,12,,2349,2551,,1340,903,1984,.455,241,689,.350,504,709,.711,396,1273,469,239,110,415,546
72,Detroit Mercy,33,14,19,.424,-3.01,-3.41,,9,11,,9,5,,5,13,,2527,2486,,1330,893,1931,.462,277,757,.366,423,560,.755,325,1097,466,214,91,386,566
73,Drake,34,27,7,.794,8.34,-1.12,,15,5,,14,1,,6,6,,2561,2173,,1390,794,1945,.408,227,742,.306,358,512,.699,269,1105,348,178,79,412,575
74,Drexel,32,17,15,.531,-2.27,-5.43,,10,8,,12,3,,3,9,,2135,1997,,1305,762,1793,.425,170,510,.333,303,430,.705,290,1051,360,186,85,384,540
75,Duke,33,25,8,.758,15.61,7.03,,14,6,,16,0,,4,6,,2407,2125,,1325,786,1911,.411,205,671,.306,348,455,.765,307,1011,375,203,118,361,551
76,Duquesne,32,20,12,.625,4.08,0.14,,10,8,,16,4,,3,7,,2394,2268,,1282,804,1819,.442,218,617,.353,442,638,.693,372,1165,425,185,100,464,521
77,East Carolina,32,16,16,.500,0.06,1.76,,6,12,,10,6,,2,9,,2225,2267,,1280,814,1848,.440,208,633,.329,431,605,.712,326,1112,401,206,109,382,567
78,East Tennessee State,32,12,20,.375,-5.87,-4.31,,8,10,,7,9,,4,9,,2211,2208,,1285,799,1834,.436,254,785,.324,356,486,.733,319,1066,404,228,73,389,516
79,Eastern Illinois,31,9,22,.290,-13.83,-6.49,,5,13,,6,9,,3,12,,2134,2235,,1245,786,1806,.435,259,770,.336,404,579,.698,348,1175,466,202,109,457,549
80,Eastern Kentucky,33,20,13,.606,-2.47,-2.11,,12,6,,14,2,,5,10,,2553,2380,,1325,858,2037,.421,270,810,.333,394,529,.745,369,1244,469,221,92,476,505
81,Eastern Michigan,31,8,23,.258,-10.69,-1.53,,5,13,,6,7,,2,13,,2239,2505,,1250,894,1846,.484,262,767,.342,455,647,.703,339,1150,418,196,86,384,513
82,Eastern Washington,32,22,10,.688,1.32,-2.11,,16,2,,11,2,,9,6,,2466,2284,,1280,799,1891,.423,269,828,.325,417,554,.753,299,988,392,202,58,353,566
83,Elon,32,8,24,.250,-12.78,-4.31,,6,12,,5,9,,3,12,,2094,2291,,1280,815,1869,.436,291,843,.345,370,521,.710,339,1152,466,198,96,368,514
84,Evansville,32,5,27,.156,-14.70,-1.11,,1,19,,3,10,,1,14,,1997,2432,,1280,867,1809,.479,283,745,.380,415,544,.763,258,1222,502,186,85,421,526
85,Fairfield,31,13,18,.419,-6.89,-4.43,,9,11,,7,6,,4,10,,2012,2045,,1255,769,1748,.440,161,553,.291,346,483,.716,306,1060,336,183,102,363,556
86,Fairleigh Dickinson,34,19,15,.559,-11.40,-11.72,,10,6,,10,5,,8,9,,2646,2547,,1375,898,1875,.479,272,746,.365,479,644,.744,304,1137,503,194,132,530,538
87,Florida,32,16,16,.500,11.85,8.56,,9,9,,10,5,,4,7,,2302,2197,,1285,801,1947,.411,186,593,.314,409,581,.704,373,1235,361,204,99,394,531
88,Florida A&M,29,7,22,.241,-17.41,-4.60,,5,13,,4,7,,3,15,,1700,2030,,1165,695,1572,.442,180,541,.333,460,690,.667,331,1042,349,239,108,363,482
89,Florida Atlantic,32,29,3,.906,13.39,0.52,,18,2,,17,0,,11,3,,2533,2088,,1290,754,1857,.406,208,636,.327,372,502,.741,282,1047,254,185,76,417,532
90,Florida Gulf Coast,32,17,15,.531,-2.57,-3.02,,7,11,,8,5,,6,9,,2280,2222,,1290,804,1848,.435,255,764,.334,359,516,.696,320,1125,409,183,92,377,497
91,Florida International,32,14,18,.438,-3.05,-0.02,,8,12,,11,7,,3,10,,2339,2404,,1300,848,1907,.445,278,765,.363,430,580,.741,414,1217,452,264,108,528,499
92,Florida State,32,9,23,.281,-0.32,6.56,,7,13,,5,11,,4,7,,2219,2439,,1280,854,1882,.454,291,773,.376,440,582,.756,334,1128,473,165,91,377,517
93,Fordham,32,25,7,.781,2.41,-1.98,,12,6,,18,2,,6,5,,2308,2153,,1290,745,1793,.416,174,542,.321,489,669,.731,285,1099,358,207,96,439,627
94,Fresno State,31,11,20,.355,3.24,5.74,,6,12,,7,7,,4,9,,1974,2036,,1240,711,1607,.442,227,603,.376,387,512,.756,266,1012,374,175,96,401,484
95,Furman,34,27,7,.794,5.11,-3.89,,15,3,,14,2,,8,3,,2791,2421,,1375,884,1982,.446,234,701,.334,419,594,.705,319,1124,387,195,89,452,586
96,Gardner-Webb,31,15,16,.484,-3.81,-4.61,,10,8,,8,5,,6,10,,2192,2032,,1260,678,1639,.414,208,618,.337,468,654,.716,252,985,328,198,87,438,544
97,George Mason,33,20,13,.606,1.94,0.49,,11,7,,14,2,,4,7,,2268,2220,,1330,798,1872,.426,198,658,.301,426,618,.689,289,1071,362,229,96,380,635
98,George Washington,32,16,16,.500,-1.73,-0.40,,10,8,,11,6,,5,6,,2441,2455,,1305,892,1999,.446,274,784,.349,397,568,.699,353,1126,455,224,78,355,545
99,Georgetown,32,7,25,.219,-1.09,7.50,,2,18,,5,12,,1,11,,2225,2500,,1290,918,2001,.459,308,791,.389,356,489,.728,346,1196,552,259,96,356,491
100,Georgia,32,16,16,.500,2.20,5.20,,6,12,,13,4,,1,10,,2193,2289,,1285,841,1912,.440,224,702,.319,383,553,.693,351,1138,469,214,117,368,588
101,Georgia Southern,33,17,16,.515,-3.04,-1.81,,9,9,,12,4,,3,11,,2257,2201,,1325,779,1838,.424,223,689,.324,420,600,.700,309,1157,379,203,87,429,526
102,Georgia State,31,10,21,.323,-6.58,-0.72,,3,15,,10,9,,0,11,,2068,2150,,1245,755,1734,.435,215,596,.361,425,588,.723,288,1021,394,210,114,372,532
103,Georgia Tech,33,15,18,.455,2.15,4.96,,6,14,,11,6,,3,9,,2301,2335,,1325,856,1943,.441,206,684,.301,417,586,.712,351,1211,481,181,118,362,500
104,Gonzaga,33,28,5,.848,20.16,7.54,,14,2,,15,1,,7,2,,2888,2406,,1325,877,1975,.444,270,779,.347,382,520,.735,297,1036,396,174,74,459,627
105,Grambling,32,24,8,.750,-3.63,-8.09,,15,3,,11,1,,9,6,,2218,1993,,1285,669,1748,.383,204,667,.306,451,682,.661,365,1083,344,225,99,468,584
106,Grand Canyon,35,24,11,.686,4.64,1.02,,10,7,,14,4,,5,5,,2636,2339,,1410,833,2056,.405,213,679,.314,460,657,.700,385,1172,361,195,88,375,627
107,Green Bay,32,3,29,.094,-20.09,-2.93,,2,18,,2,10,,1,17,,1898,2447,,1285,893,1832,.487,222,634,.350,439,578,.760,321,1169,443,234,105,342,532
108,Hampton,32,8,24,.250,-15.10,-4.55,,5,13,,7,6,,1,13,,2183,2481,,1285,878,1889,.465,262,701,.374,463,670,.691,327,1243,483,179,113,357,589
109,Hartford,28,5,23,.179,-23.34,-8.18,,,,,5,10,,0,11,,1757,1991,,1120,734,1596,.460,229,609,.376,294,414,.710,285,972,431,204,84,341,393
110,Harvard,28,14,14,.500,-0.82,-2.13,,5,9,,5,7,,8,6,,1914,1858,,1130,680,1612,.422,201,625,.322,297,401,.741,238,902,322,196,87,357,472
111,Hawaii,33,22,11,.667,2.83,-1.70,,13,7,,13,5,,6,4,,2208,2039,,1335,760,1877,.405,145,493,.294,374,504,.742,301,1064,254,198,103,355,601
112,High Point,31,14,17,.452,-9.84,-5.19,,6,12,,10,5,,2,11,,2312,2392,,1241,856,1942,.441,242,749,.323,438,654,.670,384,1174,451,218,105,383,605
113,Hofstra,33,24,9,.727,4.89,-3.20,,16,2,,11,1,,10,5,,2466,2159,,1330,797,1989,.401,224,735,.305,341,491,.695,388,1206,403,186,99,417,502
114,Holy Cross,32,10,22,.313,-14.28,-6.41,,7,11,,6,9,,4,11,,2136,2324,,1285,876,1926,.455,219,672,.326,353,527,.670,345,1234,436,225,106,393,459
115,Houston,31,29,2,.935,23.84,4.44,,17,1,,16,2,,11,0,,2357,1752,,1240,582,1596,.365,198,707,.280,390,557,.700,308,961,312,166,79,448,497
116,Houston Christian,32,10,22,.313,-16.83,-6.59,,7,11,,8,8,,2,13,,2482,2658,,1285,984,1978,.497,242,660,.367,448,630,.711,328,1118,508,252,97,405,627
117,Howard,32,20,12,.625,-4.76,-5.76,,11,3,,12,2,,6,8,,2427,2327,,1285,824,1836,.449,238,687,.346,441,649,.680,343,1061,392,273,99,507,561
118,Idaho,32,10,22,.313,-8.36,-3.53,,4,14,,6,10,,4,11,,2335,2332,,1296,848,1805,.470,222,586,.379,414,565,.733,277,1063,365,186,95,368,603
119,Idaho State,32,11,21,.344,-6.23,-2.63,,8,10,,7,7,,4,12,,2213,2272,,1310,796,1764,.451,193,599,.322,487,620,.785,282,1079,378,178,70,387,577
120,Illinois,32,20,12,.625,15.36,7.67,,11,9,,15,2,,3,7,,2389,2143,,1295,780,1871,.417,194,578,.336,389,554,.702,311,1072,349,216,89,418,585
121,Illinois State,32,11,21,.344,-6.92,-2.92,,6,14,,8,7,,3,9,,2127,2255,,1300,805,1770,.455,225,667,.337,420,601,.699,278,992,395,214,99,357,552
122,Illinois-Chicago,32,12,20,.375,-8.44,-2.73,,4,16,,7,8,,3,11,,2149,2292,,1290,823,1841,.447,215,633,.340,431,599,.720,328,1224,453,194,119,443,562
123,Incarnate Word,31,12,19,.387,-14.83,-8.00,,6,13,,7,7,,3,13,,2194,2290,,1255,832,1759,.473,214,600,.357,412,575,.717,319,1088,406,222,89,455,525
124,Indiana,32,22,10,.688,15.65,9.07,,12,8,,15,2,,5,7,,2403,2182,,1285,773,1888,.409,239,720,.332,397,570,.696,331,1071,372,214,103,362,521
125,Indiana State,34,22,12,.647,5.77,-3.53,,13,7,,11,4,,7,6,,2700,2356,,1365,842,1979,.425,227,707,.321,445,608,.732,268,1104,341,198,109,432,554
126,Iona,34,27,7,.794,7.95,-3.43,,17,3,,11,1,,8,4,,2597,2210,,1365,794,1943,.409,196,671,.292,426,607,.702,366,1178,402,183,92,494,549
127,Iowa,32,19,13,.594,14.62,8.81,,11,9,,14,3,,4,7,,2567,2381,,1295,910,1919,.474,226,618,.366,335,450,.744,297,1107,464,183,110,417,580
128,Iowa State,31,19,12,.613,16.53,10.84,,9,9,,13,3,,3,8,,2132,1937,,1250,634,1513,.419,240,709,.339,429,597,.719,250,938,366,205,89,514,528
129,IUPUI,32,5,27,.156,-18.70,-5.26,,2,18,,4,9,,0,15,,2089,2456,,1285,860,1833,.469,256,714,.359,480,632,.759,337,1055,469,267,102,372,532
130,Jackson State,33,14,19,.424,-10.91,-4.94,,12,6,,7,2,,6,14,,2232,2429,,1338,853,1881,.453,259,741,.350,464,637,.728,311,1086,446,262,140,448,545
131,Jacksonville,29,13,16,.448,-6.24,-2.58,,6,12,,7,6,,6,10,,1837,1816,,1160,642,1576,.407,241,765,.315,291,399,.729,247,901,352,171,81,277,365
132,Jacksonville State,31,13,18,.419,-6.56,-2.49,,6,12,,9,5,,3,12,,2166,2178,,1245,762,1749,.436,287,828,.347,367,496,.740,265,994,432,190,75,357,530
133,James Madison,33,22,11,.667,5.15,-2.12,,12,6,,11,3,,8,6,,2658,2246,,1340,811,1920,.422,226,729,.310,398,590,.675,322,1128,383,238,104,546,645
134,Kansas,32,26,6,.813,19.81,12.81,,13,5,,15,1,,7,4,,2421,2176,,1290,770,1861,.414,208,666,.312,428,593,.722,326,1114,356,193,94,454,508
135,Kansas City,32,11,21,.344,-9.28,-2.78,,7,11,,6,8,,3,11,,2060,2199,,1295,734,1730,.424,239,697,.343,492,662,.743,317,1065,349,196,102,380,524
136,Kansas State,32,23,9,.719,16.31,9.84,,11,7,,16,1,,4,7,,2416,2209,,1300,770,1836,.419,203,675,.301,466,673,.692,334,1069,432,239,125,474,595
137,Kennesaw State,34,26,8,.765,0.29,-2.62,,15,3,,15,1,,10,6,,2559,2343,,1375,818,1905,.429,249,746,.334,458,668,.686,311,1152,383,225,102,492,658
138,Kent State,32,26,6,.813,8.09,-1.29,,15,3,,15,0,,9,6,,2433,2083,,1285,698,1744,.400,223,715,.312,464,650,.714,334,1114,365,176,85,517,591
139,Kentucky,32,21,11,.656,15.24,8.21,,12,6,,14,4,,6,4,,2402,2177,,1290,780,1817,.429,212,640,.331,405,544,.744,278,966,373,189,70,361,547
140,La Salle,34,15,19,.441,-2.63,0.13,,7,11,,8,8,,5,8,,2374,2468,,1375,898,1996,.450,240,696,.345,432,630,.686,365,1239,455,203,152,422,571
141,Lafayette,34,11,23,.324,-7.95,-4.66,,7,11,,5,7,,5,16,,2120,2232,,1394,800,1826,.438,257,753,.341,375,537,.698,283,1194,442,212,89,403,491
142,Lamar,31,9,22,.290,-16.98,-7.23,,5,13,,6,9,,2,12,,2104,2311,,1250,827,1852,.447,279,819,.341,378,564,.670,376,1110,531,251,118,382,519
143,Lehigh,30,16,14,.533,-9.09,-6.06,,11,7,,9,6,,7,8,,2094,2082,,1200,769,1778,.433,200,620,.323,344,505,.681,279,1084,367,176,90,353,462
144,Liberty,34,26,8,.765,8.21,-2.70,,15,3,,18,1,,6,6,,2556,2062,,1360,741,1776,.417,225,648,.347,355,487,.729,225,1020,314,194,88,453,539
145,Lindenwood,32,11,21,.344,-14.53,-6.08,,6,12,,9,4,,2,14,,2226,2362,,1305,847,1918,.442,273,799,.342,395,570,.693,343,1205,457,222,99,412,494
146,Lipscomb,33,20,13,.606,-1.90,-3.97,,11,7,,13,2,,7,11,,2521,2343,,1340,866,2024,.428,265,794,.334,346,466,.742,288,1094,357,202,90,383,481
147,Little Rock,31,10,21,.323,-12.40,-6.75,,6,12,,8,5,,2,16,,2337,2461,,1250,870,1829,.476,270,689,.392,451,678,.665,322,1124,458,194,116,441,567
148,Long Beach State,33,17,16,.515,-0.21,-0.04,,11,9,,9,5,,6,9,,2524,2455,,1355,867,2056,.422,276,820,.337,445,609,.731,350,1148,477,249,104,463,615
149,Long Island University,29,3,26,.103,-25.04,-6.36,,1,15,,2,10,,1,15,,1935,2319,,1160,854,1795,.476,228,631,.361,383,566,.677,306,1086,504,254,112,371,491
150,Longwood,32,20,12,.625,-1.81,-6.41,,12,6,,12,3,,8,8,,2341,2119,,1280,737,1693,.435,251,722,.348,394,549,.718,271,1009,389,189,106,462,546
151,Louisiana,33,26,7,.788,4.12,-0.91,,13,5,,14,0,,7,7,,2575,2304,,1325,838,1898,.442,195,576,.339,433,612,.708,296,1002,346,216,103,410,607
152,Louisiana State,33,14,19,.424,3.84,6.96,,2,16,,10,8,,0,9,,2231,2334,,1320,831,1859,.447,265,773,.343,407,564,.722,316,1125,432,199,119,384,541
153,Louisiana Tech,33,15,18,.455,-0.24,1.56,,7,13,,9,6,,4,11,,2383,2320,,1350,789,1771,.446,279,752,.371,463,661,.700,301,1077,466,226,116,502,530
154,Louisiana-Monroe,32,11,21,.344,-8.32,-0.25,,7,11,,7,8,,4,10,,2157,2235,,1295,804,1838,.437,250,722,.346,377,510,.739,317,1134,434,204,117,405,515
155,Louisville,32,4,28,.125,-5.35,6.50,,2,18,,4,13,,0,11,,2046,2425,,1280,877,1862,.471,260,739,.352,411,569,.722,316,1064,492,224,112,325,536
156,Loyola (IL),31,10,21,.323,-4.45,0.65,,4,14,,6,8,,3,8,,2089,2247,,1255,769,1705,.451,223,649,.344,486,640,.759,290,1007,394,249,97,376,526
157,Loyola (MD),33,13,20,.394,-11.99,-6.09,,7,11,,9,6,,3,13,,2222,2331,,1325,862,1804,.478,239,658,.363,368,520,.708,285,1082,468,224,89,452,536
158,Loyola Marymount,31,19,12,.613,5.54,4.88,,9,7,,13,3,,4,7,,2335,2265,,1255,809,1773,.456,202,601,.336,445,616,.722,251,983,371,160,86,354,577
159,Maine,30,13,17,.433,-8.90,-4.68,,7,9,,8,4,,5,12,,2054,2091,,1215,773,1671,.463,210,612,.343,335,468,.716,279,1029,402,176,94,418,383
160,Manhattan,30,12,18,.400,-9.90,-4.97,,10,10,,5,9,,6,7,,2016,2112,,1225,759,1723,.441,228,628,.363,364,517,.704,340,1085,423,227,92,426,476
161,Marist,33,13,20,.394,-8.43,-5.67,,6,14,,5,10,,4,9,,2110,2201,,1325,782,1893,.413,249,711,.350,386,538,.717,341,1184,381,190,88,365,508
162,Marquette,32,26,6,.813,17.28,7.93,,17,3,,17,1,,8,4,,2583,2281,,1300,825,1840,.448,247,690,.358,384,543,.707,340,1127,485,188,111,525,489
163,Marshall,32,24,8,.750,7.38,-2.59,,13,5,,15,2,,9,5,,2616,2281,,1295,852,2016,.423,222,693,.320,355,558,.636,408,1233,400,206,54,478,464
164,Maryland,33,21,12,.636,15.11,7.90,,11,9,,16,1,,2,9,,2322,2084,,1325,769,1798,.428,183,570,.321,363,499,.727,295,1045,370,152,113,394,600
165,Maryland-Baltimore County,32,18,14,.563,-6.29,-7.03,,8,8,,13,4,,5,10,,2378,2328,,1285,851,1881,.452,272,721,.377,354,487,.727,288,1113,432,168,92,370,499
166,Maryland-Eastern Shore,30,18,12,.600,-7.51,-5.37,,9,5,,10,3,,7,9,,2107,1980,,1205,703,1618,.434,190,590,.322,384,534,.719,281,1011,370,203,92,569,478
167,Massachusetts,31,15,16,.484,-1.22,0.43,,6,12,,8,6,,3,8,,2163,2214,,1240,779,1794,.434,242,731,.331,414,581,.713,303,1071,461,240,108,421,579
168,Massachusetts-Lowell,33,26,7,.788,0.54,-8.61,,11,5,,17,0,,9,8,,2594,2171,,1325,766,1886,.406,203,605,.336,436,600,.727,315,998,354,250,99,465,577
169,McNeese State,34,11,23,.324,-13.17,-5.02,,6,12,,6,8,,5,15,,2352,2565,,1375,902,1920,.470,290,747,.388,471,660,.714,347,1169,562,238,85,443,530
170,Memphis,31,23,8,.742,14.43,6.64,,13,5,,13,2,,7,5,,2463,2251,,1255,759,1854,.409,251,799,.314,482,648,.744,362,1070,425,235,120,481,584
171,Mercer,33,14,19,.424,-5.00,-3.87,,6,12,,7,7,,4,10,,2268,2211,,1335,774,1798,.430,201,609,.330,462,637,.725,302,1065,354,187,76,391,514
172,Merrimack,34,18,16,.529,-11.56,-9.50,,12,4,,10,6,,8,8,,2128,2119,,1360,791,1862,.425,196,621,.316,341,478,.713,397,1271,470,227,106,594,556
173,Miami (FL),32,25,7,.781,12.44,5.16,,15,5,,16,1,,7,4,,2541,2308,,1285,861,1915,.450,242,721,.336,344,462,.745,317,1021,459,191,105,402,482
174,Miami (OH),32,12,20,.375,-7.04,-2.00,,6,12,,9,9,,3,9,,2357,2385,,1285,840,1819,.462,229,664,.345,476,655,.727,332,1086,418,247,90,426,557
175,Michigan,32,17,15,.531,12.69,9.01,,11,9,,12,4,,3,7,,2339,2221,,1310,828,1950,.425,209,656,.319,356,511,.697,313,1148,378,168,84,327,545
176,Michigan State,30,19,11,.633,14.07,11.23,,11,8,,12,2,,5,7,,2119,2021,,1215,727,1734,.419,206,667,.309,361,500,.722,272,979,380,174,104,296,479
177,Middle Tennessee,32,19,13,.594,2.63,1.76,,11,9,,12,2,,3,11,,2248,2168,,1290,768,1716,.448,207,583,.355,425,562,.756,296,1014,351,220,97,481,492
178,Milwaukee,32,21,11,.656,-4.49,-3.97,,14,6,,15,3,,6,7,,2507,2363,,1300,837,2052,.408,261,852,.306,428,590,.725,410,1155,418,247,110,441,570
179,Minnesota,31,9,22,.290,0.06,8.22,,2,17,,6,11,,1,9,,1949,2202,,1250,834,1856,.449,208,580,.359,326,461,.707,336,1122,433,207,110,302,524
180,Mississippi,33,12,21,.364,6.21,7.79,,3,15,,7,10,,2,9,,2227,2279,,1330,819,1873,.437,218,645,.338,423,568,.745,334,1127,459,234,93,398,506
181,Mississippi State,33,21,12,.636,12.05,7.14,,8,10,,12,4,,4,6,,2175,2013,,1340,707,1795,.394,243,790,.308,356,495,.719,334,1110,414,207,98,479,570
182,Mississippi Valley State,32,5,27,.156,-17.80,-4.08,,4,14,,4,6,,1,19,,1953,2392,,1290,826,1788,.462,253,706,.358,487,711,.685,341,1129,442,288,111,430,557
183,Missouri,31,23,8,.742,12.19,7.29,,11,7,,16,3,,5,5,,2483,2318,,1250,783,1764,.444,275,774,.355,477,635,.751,400,1156,450,202,70,537,521
184,Missouri State,32,17,15,.531,0.84,-0.52,,12,8,,10,4,,5,8,,2098,2021,,1295,722,1701,.424,214,660,.324,363,504,.720,276,997,353,202,102,380,449
185,Monmouth,33,7,26,.212,-15.63,-2.60,,5,13,,3,10,,3,15,,2036,2466,,1320,828,1804,.459,307,829,.370,503,700,.719,355,1196,463,228,130,474,593
186,Montana,31,17,14,.548,-0.81,-1.51,,10,7,,9,4,,6,9,,2147,2114,,1245,733,1626,.451,185,575,.322,463,598,.774,236,940,344,158,71,320,504
187,Montana State,34,25,9,.735,2.40,-1.69,,15,3,,12,1,,10,5,,2523,2265,,1370,783,1830,.428,218,639,.341,481,642,.749,266,1045,301,187,67,465,700
188,Morehead State,32,21,11,.656,-7.61,-5.93,,14,4,,14,2,,7,8,,2247,2125,,1285,788,1805,.437,183,571,.320,366,505,.725,255,1014,336,187,99,368,559
189,Morgan State,31,15,16,.484,-11.46,-5.98,,8,7,,10,2,,3,12,,2323,2242,,1255,789,1793,.440,186,601,.309,478,709,.674,402,1181,439,259,120,586,519
190,Mount St. Mary's,33,13,20,.394,-8.02,-3.86,,8,12,,5,9,,7,10,,2101,2212,,1330,797,1880,.424,226,678,.333,392,548,.715,337,1136,390,253,99,392,507
191,Murray State,32,17,15,.531,-4.00,-1.16,,11,9,,11,2,,3,11,,2254,2305,,1296,854,1909,.447,265,794,.334,332,462,.719,303,1093,451,185,92,347,537
192,Navy,31,18,13,.581,-2.79,-6.13,,11,7,,9,6,,9,7,,2152,2013,,1250,733,1684,.435,222,651,.341,325,497,.654,290,1010,403,179,96,402,474
193,NC State,33,23,10,.697,12.63,5.23,,12,8,,15,2,,4,6,,2580,2336,,1325,833,1875,.444,202,628,.322,468,638,.734,301,1151,378,169,88,441,520
194,Nebraska,32,16,16,.500,7.40,9.30,,9,11,,11,4,,4,9,,2175,2236,,1300,826,1943,.425,289,848,.341,295,425,.694,332,1137,492,215,137,386,538
195,Nevada,32,22,10,.688,11.36,6.84,,12,6,,14,1,,6,7,,2324,2140,,1305,746,1781,.419,244,758,.322,404,553,.731,276,1079,400,163,90,406,620
196,Nevada-Las Vegas,32,19,13,.594,7.87,5.84,,7,11,,10,7,,5,6,,2376,2241,,1305,779,1781,.437,283,792,.357,400,548,.730,328,1167,453,196,95,562,612
197,New Hampshire,30,15,15,.500,-9.09,-5.73,,9,7,,11,4,,4,11,,1992,2011,,1210,741,1701,.436,176,566,.311,353,505,.699,274,1105,299,166,83,329,480
198,New Mexico,33,22,11,.667,11.93,5.72,,8,10,,15,4,,5,6,,2680,2442,,1335,882,2028,.435,264,792,.333,414,596,.695,333,1144,463,195,97,421,664
199,New Mexico State,24,9,15,.375,-1.27,2.73,,2,10,,6,4,,1,9,,1769,1720,,960,584,1369,.427,213,618,.345,339,477,.711,203,806,297,131,65,333,449
200,New Orleans,32,12,20,.375,-13.83,-6.96,,7,11,,6,9,,4,10,,2340,2536,,1286,881,1858,.474,245,677,.362,529,712,.743,350,1086,435,280,81,486,612
201,Niagara,31,16,15,.516,-6.66,-4.46,,10,10,,9,4,,4,10,,2016,2044,,1250,731,1664,.439,182,509,.358,400,553,.723,270,949,321,166,110,336,501
202,Nicholls State,31,16,15,.516,-8.05,-5.19,,12,7,,11,3,,5,11,,2344,2253,,1240,743,1670,.445,218,644,.339,549,761,.721,321,1114,439,191,94,549,531
203,NJIT,30,7,23,.233,-12.64,-5.67,,4,12,,5,8,,2,15,,2008,2182,,1220,808,1789,.452,232,691,.336,334,498,.671,306,1118,397,156,103,303,487
204,Norfolk State,32,22,10,.688,-3.44,-6.33,,9,5,,10,2,,6,8,,2437,2199,,1292,728,1785,.408,295,847,.348,448,655,.684,331,993,453,218,81,442,616
205,North Alabama,32,18,14,.563,-8.27,-4.16,,10,8,,9,4,,8,10,,2396,2380,,1295,852,1919,.444,255,696,.366,421,588,.716,315,1134,429,181,119,362,505
206,North Carolina,33,20,13,.606,13.03,7.76,,11,9,,12,3,,4,7,,2514,2340,,1345,876,2017,.434,213,646,.330,375,530,.708,284,1127,368,188,113,345,617
207,North Carolina A&T,32,13,19,.406,-11.21,-3.76,,8,10,,8,5,,4,10,,2264,2362,,1290,853,1965,.434,243,734,.331,413,568,.727,358,1258,417,162,91,393,489
208,North Carolina Central,30,18,12,.600,-2.77,-5.96,,10,4,,13,1,,4,10,,2268,1977,,1220,704,1657,.425,185,609,.304,384,564,.681,298,966,384,203,117,503,548
209,North Dakota,33,13,20,.394,-7.11,-2.60,,6,12,,8,8,,4,11,,2380,2438,,1330,916,1948,.470,217,618,.351,389,522,.745,291,1160,364,200,94,360,568
210,North Dakota State,33,16,17,.485,-4.02,-1.57,,11,7,,9,4,,5,10,,2404,2414,,1320,884,2006,.441,243,719,.338,403,535,.753,270,1095,378,214,86,295,552
211,North Florida,31,14,17,.452,-6.60,-2.39,,9,9,,11,2,,3,14,,2363,2405,,1260,929,2004,.464,205,582,.352,342,468,.731,367,1157,486,218,91,316,497
212,North Texas,32,26,6,.813,9.49,1.62,,16,4,,12,2,,9,3,,2050,1763,,1295,594,1494,.398,158,519,.304,417,604,.690,267,909,246,172,71,399,531
213,Northeastern,30,10,20,.333,-10.36,-4.00,,6,12,,6,6,,3,12,,1959,2150,,1210,787,1750,.450,180,516,.349,396,554,.715,276,988,358,227,95,293,462
214,Northern Arizona,35,12,23,.343,-3.68,-0.01,,5,13,,6,8,,3,13,,2581,2615,,1420,905,1917,.472,261,739,.353,544,734,.741,280,1190,474,172,112,424,608
215,Northern Colorado,32,12,20,.375,-4.22,-0.22,,6,12,,6,7,,3,12,,2355,2480,,1290,911,1922,.474,211,639,.330,447,615,.727,296,1118,440,170,116,313,552
216,Northern Illinois,32,13,19,.406,-6.17,-2.27,,9,9,,5,7,,7,10,,2304,2401,,1285,852,1895,.450,229,698,.328,468,676,.692,376,1203,413,215,97,433,549
217,Northern Iowa,32,14,18,.438,-2.19,-0.58,,9,11,,8,8,,4,7,,2244,2238,,1290,800,1783,.449,296,837,.354,342,471,.726,234,1054,417,215,77,409,514
218,Northern Kentucky,34,22,12,.647,-0.96,-3.43,,14,6,,14,3,,6,6,,2320,2161,,1385,768,1757,.437,251,688,.365,374,533,.702,340,1138,471,196,80,532,540
219,Northwestern,31,21,10,.677,13.60,8.41,,12,8,,13,5,,7,4,,2100,1932,,1245,676,1641,.412,236,697,.339,344,506,.680,285,1083,419,146,109,441,510
220,Northwestern State,33,22,11,.667,-4.31,-6.62,,13,5,,10,3,,10,7,,2463,2378,,1330,826,1819,.454,204,614,.332,522,695,.751,364,1180,431,183,107,489,551
221,Notre Dame,32,11,21,.344,2.12,4.62,,3,17,,11,8,,0,10,,2227,2307,,1285,854,1862,.459,231,673,.343,368,494,.745,283,1146,433,154,103,286,463
222,Oakland,32,13,19,.406,-7.76,-2.60,,11,9,,8,6,,5,10,,2347,2442,,1305,912,1949,.468,283,769,.368,335,442,.758,345,1174,563,183,94,438,536
223,Ohio,32,19,13,.594,1.47,-2.28,,10,8,,14,1,,4,11,,2527,2331,,1285,831,1876,.443,247,727,.340,422,624,.676,330,1106,395,186,102,398,521
224,Ohio State,33,15,18,.455,13.27,9.73,,5,15,,10,6,,1,10,,2404,2276,,1330,830,1933,.429,231,720,.321,385,534,.721,334,1086,405,158,91,354,513
225,Oklahoma,32,15,17,.469,11.97,11.84,,5,13,,9,7,,2,8,,2165,2161,,1290,797,1845,.432,177,567,.312,390,555,.703,305,1050,342,228,106,332,502
226,Oklahoma State,33,18,15,.545,13.52,11.16,,8,10,,11,5,,4,7,,2259,2181,,1325,753,1892,.398,229,719,.318,446,596,.748,336,1110,398,251,84,431,578
227,Old Dominion,31,19,12,.613,-0.20,-0.43,,11,7,,12,4,,6,5,,2073,2052,,1245,714,1730,.413,229,731,.313,395,593,.666,322,1089,398,182,122,355,556
228,Omaha,32,9,23,.281,-10.36,-1.39,,4,14,,5,7,,1,15,,2192,2438,,1285,851,1859,.458,275,760,.362,461,616,.748,311,1120,443,228,101,349,503
229,Oral Roberts,34,30,4,.882,9.61,-2.92,,18,0,,16,0,,11,4,,2864,2384,,1360,887,2143,.414,295,852,.346,315,439,.718,355,1241,405,175,89,437,511
230,Oregon,33,19,14,.576,13.61,10.00,,12,8,,13,5,,4,6,,2332,2213,,1325,802,1914,.419,249,712,.350,360,472,.763,299,1046,409,193,81,361,569
231,Oregon State,32,11,21,.344,0.52,7.04,,5,15,,10,7,,1,10,,1959,2144,,1280,745,1743,.427,225,665,.338,429,593,.723,320,1075,432,208,103,377,531
232,Pacific,33,15,18,.455,-0.03,2.58,,7,9,,7,10,,7,7,,2502,2565,,1330,906,1937,.468,275,780,.353,478,704,.679,345,1219,447,180,103,428,598
233,Penn State,32,20,12,.625,12.68,8.59,,10,10,,13,4,,4,7,,2322,2189,,1300,806,1857,.434,242,703,.344,335,479,.699,279,1115,446,146,96,286,420
234,Pennsylvania,29,17,12,.586,0.68,-1.29,,9,5,,11,4,,6,9,,2179,2083,,1180,729,1749,.417,251,776,.323,374,545,.686,300,972,382,193,83,300,440
235,Pepperdine,31,9,22,.290,0.41,5.24,,2,14,,8,8,,0,12,,2417,2520,,1260,915,1991,.460,243,676,.359,447,638,.701,341,1149,439,224,67,378,519
236,Pittsburgh,33,22,11,.667,9.94,4.30,,14,6,,14,3,,7,5,,2512,2326,,1320,824,1936,.426,257,768,.335,421,593,.710,335,1116,436,167,108,376,586
237,Portland,33,14,19,.424,2.17,4.62,,5,11,,10,7,,2,10,,2566,2594,,1330,932,2045,.456,337,891,.378,393,573,.686,349,1169,474,206,60,403,707
238,Portland State,31,12,19,.387,-4.80,-0.21,,6,11,,6,7,,5,9,,2363,2340,,1240,787,1669,.472,202,566,.357,564,760,.742,292,1113,425,159,69,495,593
239,Prairie View,33,13,20,.394,-8.77,-6.45,,9,10,,9,4,,4,14,,2226,2256,,1345,763,1786,.427,205,600,.342,525,734,.715,291,1107,368,189,139,501,595
240,Presbyterian,32,5,27,.156,-13.58,-5.04,,1,17,,5,9,,0,15,,2021,2223,,1294,786,1686,.466,222,592,.375,429,655,.655,295,1052,374,222,129,396,555
241,Princeton,27,19,8,.704,2.63,-3.33,,10,4,,11,3,,7,4,,2053,1853,,1095,680,1620,.420,170,531,.320,323,473,.683,227,886,289,172,85,284,488
242,Providence,32,21,11,.656,12.88,6.10,,13,7,,15,2,,6,6,,2499,2282,,1305,849,1917,.443,220,649,.339,364,489,.744,302,1021,409,193,126,376,585
243,Purdue,31,26,5,.839,19.55,8.94,,15,5,,14,2,,8,3,,2268,1937,,1245,749,1797,.417,195,628,.311,244,334,.731,250,856,379,189,92,312,571
244,Purdue-Fort Wayne,32,17,15,.531,-5.18,-4.68,,9,11,,9,6,,7,8,,2364,2234,,1286,847,1909,.444,228,754,.302,312,433,.721,274,1107,395,212,104,414,517
245,Queens (NC),33,18,15,.545,-4.26,-4.36,,7,11,,8,5,,7,10,,2564,2463,,1320,924,2015,.459,253,730,.347,362,506,.715,293,1114,443,211,132,372,577
246,Quinnipiac,32,20,12,.625,-2.39,-5.17,,11,9,,9,4,,9,6,,2335,2231,,1295,822,1941,.423,225,710,.317,362,517,.700,320,1092,392,208,129,377,550
247,Radford,33,19,14,.576,-2.45,-4.49,,12,6,,10,3,,7,10,,2301,2142,,1320,785,1736,.452,214,646,.331,358,537,.667,290,1034,371,184,89,446,546
248,Rhode Island,31,9,22,.290,-3.98,0.67,,5,13,,7,9,,1,10,,2046,2190,,1255,793,1822,.435,203,633,.321,401,577,.695,328,1115,406,213,165,370,558
249,Rice,33,18,15,.545,-2.73,0.97,,8,12,,11,7,,6,7,,2530,2521,,1340,949,2039,.465,269,746,.361,354,511,.693,295,1137,435,238,87,390,572
250,Richmond,33,15,18,.455,1.60,0.51,,7,11,,12,4,,1,11,,2273,2237,,1340,813,1893,.429,251,762,.329,360,496,.726,286,1137,405,198,94,381,578
251,Rider,30,16,14,.533,-3.39,-4.81,,13,7,,8,5,,8,6,,2105,2027,,1215,690,1625,.425,249,699,.356,398,618,.644,290,947,364,179,97,334,472
252,Robert Morris,33,16,17,.485,-5.58,-5.32,,10,10,,11,4,,5,10,,2287,2205,,1325,793,1831,.433,209,591,.354,410,561,.731,309,1110,349,224,89,435,509
253,Rutgers,32,19,13,.594,15.08,7.54,,10,10,,14,5,,4,7,,2175,1921,,1285,683,1743,.392,228,750,.304,327,477,.686,309,1097,385,192,125,465,513
254,Sacramento State,32,14,18,.438,-4.28,-1.25,,7,11,,9,4,,5,10,,2114,2169,,1305,822,1801,.456,193,549,.352,332,451,.736,248,950,379,213,85,302,496
255,Sacred Heart,33,16,17,.485,-13.18,-11.31,,8,8,,9,6,,7,11,,2332,2351,,1330,866,1973,.439,246,729,.337,373,533,.700,362,1226,461,245,101,463,501
256,Saint Francis (PA),31,13,18,.419,-13.90,-9.76,,9,7,,10,5,,3,13,,2263,2286,,1245,843,1868,.451,218,660,.330,382,552,.692,304,1062,422,209,84,329,534
257,Saint Joseph's,33,16,17,.485,-0.19,-0.16,,8,10,,10,6,,4,7,,2388,2389,,1330,834,1923,.434,276,810,.341,445,630,.706,355,1195,491,226,120,437,574
258,Saint Louis,32,21,11,.656,6.31,3.12,,12,6,,15,3,,4,7,,2415,2258,,1280,785,1916,.410,245,735,.333,443,611,.725,316,1073,414,201,103,341,548
259,Saint Mary's (CA),33,26,7,.788,18.12,7.15,,14,2,,16,2,,6,2,,2355,1984,,1335,708,1707,.415,176,541,.325,392,526,.745,229,940,258,157,118,408,560
260,Saint Peter's,32,14,18,.438,-9.90,-5.25,,7,13,,8,6,,4,11,,1986,2083,,1290,664,1551,.428,189,557,.339,566,789,.717,294,1037,332,147,140,402,516
261,Sam Houston State,32,25,7,.781,7.93,0.79,,14,4,,12,1,,10,5,,2341,1884,,1290,620,1601,.387,239,749,.319,405,579,.699,263,976,345,182,95,536,530
262,Samford,32,21,11,.656,0.67,-4.18,,15,3,,13,3,,8,7,,2519,2290,,1300,770,1783,.432,287,782,.367,463,654,.708,296,1066,440,207,72,468,649
263,San Diego,31,11,20,.355,-1.58,3.77,,4,12,,8,9,,3,8,,2391,2495,,1250,897,1818,.493,309,757,.408,392,587,.668,296,1077,540,168,93,399,546
264,San Diego State,32,26,6,.813,15.98,8.45,,15,3,,15,1,,8,2,,2316,2042,,1290,730,1747,.418,208,700,.297,374,503,.744,273,994,346,205,92,428,576
265,San Francisco,34,20,14,.588,6.55,4.19,,7,9,,11,5,,5,6,,2591,2496,,1370,854,1941,.440,230,675,.341,558,726,.769,311,1113,384,228,85,431,590
266,San Jose State,33,20,13,.606,5.96,5.74,,10,8,,12,3,,5,8,,2228,2199,,1335,780,1853,.421,228,662,.344,411,531,.774,272,1002,401,169,88,276,489
267,Santa Clara,32,23,9,.719,9.20,5.52,,11,5,,14,4,,6,3,,2482,2355,,1295,859,1981,.434,276,767,.360,361,495,.729,281,1076,436,205,86,378,569
268,Seattle,32,20,12,.625,1.17,0.94,,11,7,,12,2,,7,7,,2303,2209,,1285,791,1847,.428,207,643,.322,420,600,.700,284,1125,412,197,111,422,592
269,Seton Hall,32,17,15,.531,11.00,8.39,,10,10,,10,6,,6,6,,2192,2084,,1280,741,1781,.416,205,658,.312,397,552,.719,334,1082,402,232,141,465,582
270,Siena,32,17,15,.531,-3.36,-4.74,,11,9,,8,5,,7,8,,2195,2151,,1295,793,1765,.449,166,495,.335,399,582,.686,284,1019,341,244,101,398,555
271,South Alabama,35,19,16,.543,3.81,-0.25,,9,9,,10,4,,4,10,,2483,2282,,1405,853,2032,.420,171,581,.294,405,565,.717,346,1253,350,185,102,384,452
272,South Carolina,32,11,21,.344,-1.88,6.41,,4,14,,7,8,,4,8,,2059,2324,,1300,864,1858,.465,228,674,.338,368,546,.674,343,1122,470,234,112,336,478
273,South Carolina State,31,5,26,.161,-16.56,-3.96,,2,12,,4,6,,1,19,,2274,2599,,1250,890,1785,.499,259,652,.397,560,777,.721,343,1152,521,233,132,485,536
274,South Carolina Upstate,31,16,15,.516,-7.64,-4.05,,10,8,,11,2,,4,12,,2136,2158,,1245,725,1676,.433,202,607,.333,506,720,.703,335,1089,344,197,79,445,551
275,South Dakota,31,12,19,.387,-9.41,-2.86,,7,11,,8,6,,2,11,,2149,2282,,1240,813,1800,.452,256,718,.357,400,547,.731,283,1060,381,196,115,305,506
276,South Dakota State,32,19,13,.594,-1.34,-1.60,,13,5,,10,2,,6,9,,2270,2233,,1290,826,1880,.439,254,768,.331,327,431,.759,276,1092,408,202,101,381,532
277,South Florida,32,14,18,.438,2.15,2.15,,7,11,,9,9,,4,7,,2303,2303,,1285,783,1818,.431,245,702,.349,492,675,.729,314,1087,430,219,97,418,536
278,Southeast Missouri State,35,19,16,.543,-7.19,-6.70,,10,8,,9,4,,5,11,,2718,2659,,1425,906,2028,.447,252,726,.347,595,864,.689,328,1260,460,244,98,513,698
279,Southeastern Louisiana,32,18,14,.563,-7.64,-6.36,,12,6,,10,4,,7,8,,2483,2432,,1305,861,1872,.460,295,772,.382,415,603,.688,327,1135,472,193,87,465,550
280,Southern,32,15,17,.469,-8.18,-6.11,,11,7,,9,2,,5,12,,2300,2280,,1290,766,1741,.440,239,722,.331,509,731,.696,296,1136,457,211,124,552,560
281,Southern California,32,22,10,.688,13.76,8.23,,14,6,,15,2,,5,5,,2329,2152,,1285,750,1923,.390,240,719,.334,412,573,.719,407,1147,422,217,95,399,566
282,Southern Illinois,33,23,10,.697,1.64,-1.64,,14,6,,13,2,,8,6,,2168,2026,,1325,743,1769,.420,201,609,.330,339,521,.651,299,1067,365,208,95,428,527
283,SIU Edwardsville,33,19,14,.576,-6.29,-7.35,,9,9,,9,5,,7,8,,2463,2353,,1320,823,1936,.425,235,699,.336,472,646,.731,357,1171,390,197,91,452,633
284,Southern Indiana,32,16,16,.500,-8.26,-7.33,,9,9,,10,4,,5,11,,2448,2370,,1295,800,1839,.435,257,742,.346,513,714,.718,292,1094,392,201,129,409,584
285,Southern Methodist,32,10,22,.313,0.34,5.66,,5,13,,7,9,,1,11,,2248,2418,,1300,864,1908,.453,247,708,.349,443,625,.709,343,1201,495,225,152,428,561
286,Southern Mississippi,32,25,7,.781,4.26,-1.74,,14,4,,15,0,,8,6,,2376,2094,,1280,744,1803,.413,218,686,.318,388,548,.708,324,1071,392,211,79,462,537
287,Southern Utah,34,22,12,.647,3.80,2.20,,12,6,,13,2,,5,8,,2805,2527,,1380,906,2034,.445,267,758,.352,448,628,.713,297,1154,445,226,112,497,713
288,St. Bonaventure,32,14,18,.438,-1.09,-0.19,,8,10,,11,4,,2,11,,2136,2165,,1290,735,1713,.429,194,675,.287,501,700,.716,311,1104,414,191,88,418,508
289,St. Francis (NY),30,14,16,.467,-17.02,-11.70,,7,9,,10,5,,4,11,,1946,2034,,1205,749,1677,.447,177,454,.390,359,516,.696,311,1053,401,192,92,409,493
290,St. John's (NY),33,18,15,.545,8.58,6.43,,7,13,,12,6,,3,9,,2552,2481,,1340,885,2037,.434,277,802,.345,434,603,.720,339,1178,509,271,108,486,533
291,St. Thomas,33,19,14,.576,-2.69,-4.23,,9,9,,12,2,,4,11,,2447,2316,,1320,839,1845,.455,222,661,.336,416,561,.742,305,1134,390,140,118,390,563
292,Stanford,33,14,19,.424,10.05,8.08,,7,13,,9,6,,2,8,,2321,2256,,1320,806,1819,.443,263,742,.354,381,521,.731,285,1041,415,196,90,400,535
293,Stephen F. Austin,32,19,13,.594,0.95,-0.47,,11,7,,12,4,,6,5,,2427,2238,,1305,764,1740,.439,214,645,.332,496,714,.695,341,1067,459,197,105,578,670
294,Stetson,30,17,13,.567,-2.56,-2.56,,12,6,,9,3,,7,9,,2298,2200,,1225,799,1750,.457,237,659,.360,365,494,.739,283,992,410,155,70,308,443
295,Stonehill,31,14,17,.452,-13.25,-8.98,,10,6,,7,4,,6,12,,2076,2157,,1255,779,1822,.428,253,735,.344,346,493,.702,344,1127,425,217,91,419,509
296,Stony Brook,33,11,22,.333,-12.41,-4.08,,6,12,,7,7,,3,13,,2083,2279,,1325,824,1935,.426,289,846,.342,342,489,.699,317,1161,442,239,71,303,522
297,Syracuse,32,17,15,.531,5.39,4.18,,10,10,,11,7,,5,6,,2372,2333,,1290,851,1984,.429,329,958,.343,302,430,.702,400,1159,619,210,88,412,524
298,Tarleton State,33,17,16,.515,-0.42,2.07,,8,9,,12,2,,2,12,,2376,2236,,1325,729,1653,.441,257,724,.355,521,719,.725,297,1106,416,163,117,598,696
299,TCU,33,21,12,.636,16.26,8.98,,9,9,,13,4,,3,7,,2481,2241,,1325,816,1919,.425,204,672,.304,405,570,.711,356,1144,456,213,142,515,546
300,Temple,31,16,15,.516,4.96,5.59,,10,8,,9,7,,6,6,,2173,2163,,1265,778,1809,.430,202,606,.333,405,581,.697,320,1066,401,227,82,353,546
301,Tennessee,32,23,9,.719,21.91,8.15,,11,7,,14,2,,4,6,,2298,1836,,1285,613,1684,.364,180,699,.258,430,595,.723,308,1022,307,218,98,476,571
302,Tennessee State,32,18,14,.563,-8.83,-8.76,,10,8,,13,4,,4,8,,2499,2401,,1281,809,1845,.438,233,675,.345,550,738,.745,303,1148,394,202,102,436,615
303,Tennessee Tech,33,16,17,.485,-9.22,-6.18,,11,7,,11,5,,4,11,,2432,2421,,1355,888,2026,.438,260,793,.328,385,519,.742,356,1237,504,227,107,437,561
304,Tennessee-Martin,33,19,14,.576,-8.49,-7.73,,10,8,,14,2,,4,11,,2658,2489,,1335,877,2076,.422,270,838,.322,465,679,.685,361,1226,474,208,128,426,590
305,Texas,33,25,8,.758,21.31,10.87,,12,6,,17,1,,4,6,,2571,2236,,1335,775,1843,.421,216,656,.329,470,649,.724,340,1160,378,189,109,536,600
306,Texas A&M,32,24,8,.750,15.10,7.28,,15,3,,15,1,,7,4,,2340,2094,,1280,701,1750,.401,256,800,.320,436,619,.704,340,1019,418,232,131,453,651
307,Texas A&M-Commerce,33,13,20,.394,-10.60,-7.26,,10,10,,7,7,,7,12,,2362,2421,,1345,848,1835,.462,221,639,.346,504,699,.721,322,1123,425,213,75,405,532
308,Texas A&M-Corpus Christi,33,23,10,.697,-2.31,-7.66,,14,4,,14,2,,7,7,,2653,2394,,1330,833,1868,.446,265,801,.331,463,673,.688,318,1097,477,211,109,509,619
309,Texas Southern,32,12,20,.375,-9.45,-4.48,,7,11,,7,6,,3,13,,2226,2315,,1310,808,1874,.431,221,656,.337,478,672,.711,307,1135,381,252,107,436,593
310,Texas State,35,16,19,.457,-2.06,-0.43,,6,12,,4,10,,7,7,,2309,2334,,1400,800,1799,.445,216,598,.361,518,726,.713,298,1078,373,218,115,427,584
311,Texas Tech,32,16,16,.500,13.11,8.77,,5,13,,11,6,,3,7,,2347,2208,,1290,785,1872,.419,260,802,.324,378,532,.711,341,1049,428,228,117,443,551
312,Texas-Rio Grande Valley,32,15,17,.469,-6.17,-0.25,,5,12,,12,6,,3,10,,2518,2502,,1290,867,1963,.442,238,716,.332,530,718,.738,328,1099,532,250,113,414,700
313,The Citadel,32,10,22,.313,-11.97,-3.61,,5,13,,5,9,,4,11,,2158,2374,,1280,831,1861,.447,260,777,.335,452,626,.722,345,1186,427,228,109,361,508
314,Toledo,33,27,6,.818,6.51,-2.35,,16,2,,13,1,,10,3,,2842,2518,,1320,919,2012,.457,267,751,.356,413,549,.752,350,1109,456,177,110,432,625
315,Towson,33,21,12,.636,0.29,-4.74,,12,6,,10,2,,8,7,,2368,2202,,1335,774,1845,.420,245,737,.332,409,545,.750,300,1033,392,184,93,388,535
316,Troy,33,20,13,.606,1.64,-0.99,,11,7,,11,3,,7,8,,2414,2204,,1330,770,1814,.424,207,648,.319,457,609,.750,325,1137,357,218,96,513,581
317,Tulane,30,20,10,.667,5.83,3.05,,12,6,,12,3,,5,4,,2424,2298,,1220,814,1900,.428,282,797,.354,388,561,.692,349,1192,506,183,135,436,530
318,Tulsa,30,5,25,.167,-8.04,4.10,,1,17,,4,10,,0,12,,1959,2323,,1210,864,1822,.474,226,722,.313,369,506,.729,339,1160,496,224,111,355,475
319,UAB,33,24,9,.727,9.79,1.11,,14,6,,15,2,,6,5,,2721,2354,,1360,838,2005,.418,241,739,.326,437,607,.720,359,1140,411,221,121,483,588
320,UC Davis,32,18,14,.563,0.14,-1.29,,11,8,,10,4,,5,9,,2392,2274,,1295,830,1862,.446,205,559,.367,409,582,.703,309,1050,369,216,105,473,675
321,UC Irvine,34,23,11,.676,5.11,-0.61,,15,5,,11,4,,9,6,,2559,2268,,1365,770,1943,.396,219,688,.318,509,692,.736,314,1129,388,203,104,433,566
322,UC Riverside,34,22,12,.647,1.18,0.12,,14,6,,9,4,,9,7,,2463,2352,,1380,841,1848,.455,180,537,.335,490,681,.720,250,1078,385,202,103,406,567
323,UC San Diego,30,10,20,.333,-6.47,-0.29,,5,13,,4,10,,6,9,,2057,2189,,1230,801,1788,.448,233,640,.364,354,487,.727,301,1104,447,180,95,344,481
324,UC Santa Barbara,34,27,7,.794,3.91,-2.16,,15,5,,12,3,,10,4,,2454,2231,,1365,817,1851,.441,198,577,.343,399,530,.753,283,1028,394,168,78,421,606
325,UCLA,34,29,5,.853,22.60,8.99,,18,2,,17,0,,9,2,,2513,2050,,1360,739,1818,.406,222,714,.311,350,502,.697,312,1089,380,159,92,540,562
326,UNC Asheville,34,27,7,.794,-1.48,-5.33,,16,2,,13,0,,10,6,,2551,2332,,1380,867,2062,.420,212,715,.297,386,538,.717,355,1156,394,236,122,438,690
327,UNC Greensboro,32,20,12,.625,1.72,-2.85,,14,4,,11,3,,8,6,,2306,2064,,1291,728,1799,.405,236,740,.319,372,547,.680,304,1065,343,186,74,425,560
328,UNC Wilmington,34,24,10,.706,-1.19,-3.07,,12,6,,11,3,,8,6,,2343,2187,,1375,766,1783,.430,199,654,.304,456,650,.702,314,1107,305,193,95,473,667
329,UT Arlington,32,11,21,.344,-4.76,2.35,,6,12,,6,8,,4,9,,2125,2190,,1285,751,1718,.437,238,653,.364,450,639,.704,305,1079,406,193,102,456,587
330,Utah,32,17,15,.531,11.89,5.99,,10,10,,13,5,,4,7,,2197,2043,,1285,764,1924,.397,204,676,.302,311,470,.662,337,1121,409,198,121,325,515
331,Utah State,32,25,7,.781,15.26,7.29,,13,5,,14,2,,6,4,,2542,2246,,1285,801,1884,.425,225,636,.354,419,558,.751,280,1001,381,176,81,361,609
332,Utah Tech,33,14,19,.424,0.16,1.33,,5,13,,9,5,,3,13,,2495,2420,,1330,854,1851,.461,241,691,.349,471,642,.734,287,1060,453,232,103,490,705
333,Utah Valley,33,25,8,.758,7.28,0.91,,15,3,,13,1,,10,5,,2539,2244,,1335,812,2091,.388,215,692,.311,405,607,.667,397,1198,368,217,95,418,638
334,UTEP,32,14,18,.438,-1.02,1.54,,7,13,,11,7,,3,10,,2192,2192,,1315,767,1718,.446,214,643,.333,444,620,.716,301,1050,340,252,111,536,625
335,UTSA,32,10,22,.313,-8.02,0.88,,4,16,,8,10,,2,11,,2217,2450,,1291,883,1961,.450,254,734,.346,430,608,.707,358,1181,449,221,154,354,594
336,Valparaiso,32,11,21,.344,-8.26,-2.30,,5,15,,8,7,,2,12,,2206,2355,,1310,843,1882,.448,239,704,.339,430,586,.734,273,1116,444,224,82,355,480
337,Vanderbilt,33,20,13,.606,9.29,8.88,,11,7,,12,5,,5,6,,2390,2364,,1333,852,1984,.429,226,732,.309,434,620,.700,385,1214,423,183,89,333,584
338,Vermont,32,22,10,.688,1.77,-3.67,,14,2,,13,1,,9,6,,2338,2139,,1297,786,1757,.447,231,646,.358,336,460,.730,225,1029,354,160,86,371,498
339,Villanova,32,17,15,.531,10.79,8.67,,10,10,,10,4,,5,8,,2250,2168,,1285,772,1763,.438,246,727,.338,378,486,.778,263,1045,462,175,97,358,493
340,Virginia,31,25,6,.806,13.69,6.13,,15,5,,15,1,,6,5,,2121,1869,,1245,671,1616,.415,220,646,.341,307,411,.747,249,991,354,145,118,383,504
341,Virginia Commonwealth,32,25,7,.781,9.84,1.41,,15,3,,15,3,,8,3,,2271,2005,,1280,722,1739,.415,192,590,.325,369,527,.700,323,1052,367,215,104,537,630
342,VMI,32,7,25,.219,-16.12,-3.44,,2,16,,6,8,,1,14,,2220,2457,,1290,879,1883,.467,343,935,.367,356,506,.704,285,1084,529,200,132,339,450
343,Virginia Tech,33,19,14,.576,9.58,5.13,,8,12,,13,4,,2,9,,2449,2302,,1325,863,1937,.446,236,693,.341,340,483,.704,310,1106,411,186,114,361,519
344,Wagner,28,15,13,.536,-12.24,-11.27,,8,8,,8,4,,7,9,,1766,1727,,1130,568,1324,.429,151,479,.315,440,616,.714,202,865,305,166,106,377,404
345,Wake Forest,33,19,14,.576,8.24,5.43,,10,10,,13,3,,4,8,,2528,2435,,1330,892,1990,.448,269,769,.350,382,531,.719,310,1142,413,230,124,403,591
346,Washington,32,16,16,.500,7.30,8.45,,8,12,,12,6,,2,9,,2213,2250,,1300,834,2005,.416,220,741,.297,360,509,.707,422,1218,501,223,114,413,557
347,Washington State,33,17,16,.515,11.41,8.50,,11,9,,10,3,,5,8,,2250,2154,,1325,807,1815,.445,185,580,.319,355,517,.687,277,1050,387,192,85,353,553
348,Weber State,33,18,15,.545,-2.61,-0.99,,12,6,,8,4,,8,8,,2219,2229,,1345,789,1762,.448,271,730,.371,380,544,.699,238,1045,460,185,99,429,583
349,West Virginia,33,19,14,.576,16.53,11.26,,7,11,,13,4,,3,8,,2518,2344,,1325,811,1812,.448,216,634,.341,506,696,.727,311,1033,408,220,77,483,709
350,Western Carolina,33,18,15,.545,-6.20,-4.17,,10,8,,9,5,,6,9,,2457,2340,,1345,851,1935,.440,189,583,.324,449,629,.714,291,1157,367,187,118,361,568
351,Western Illinois,30,16,14,.533,-7.13,-4.28,,9,9,,11,4,,5,9,,2191,2171,,1205,822,1782,.461,192,590,.325,335,468,.716,272,1039,318,151,86,353,543
352,Western Kentucky,33,17,16,.515,-1.17,0.74,,8,12,,9,5,,5,9,,2355,2330,,1330,842,2006,.420,303,850,.356,343,491,.699,379,1232,433,200,76,415,553
353,Western Michigan,31,8,23,.258,-10.16,-1.95,,4,14,,7,7,,1,15,,2166,2295,,1240,820,1774,.462,257,712,.361,398,557,.715,273,1000,445,195,89,305,497
354,Wichita State,32,17,15,.531,6.21,3.68,,9,9,,8,8,,7,4,,2272,2191,,1300,784,1931,.406,265,788,.336,358,501,.715,334,1094,446,222,107,373,493
355,William & Mary,33,13,20,.394,-10.97,-4.17,,7,11,,11,5,,1,14,,2219,2320,,1325,864,1861,.464,237,680,.349,355,506,.702,310,1111,422,204,163,373,523
356,Winthrop,32,15,17,.469,-6.58,-3.55,,10,8,,10,4,,4,11,,2360,2382,,1285,888,1890,.470,253,721,.351,353,553,.638,367,1089,450,240,123,388,651
357,Wisconsin,31,17,14,.548,10.68,9.56,,9,11,,9,6,,5,6,,2013,1978,,1270,735,1652,.445,191,592,.323,317,462,.686,246,1093,318,143,109,373,498
358,Wofford,33,17,16,.515,-4.83,-3.13,,8,10,,12,4,,4,11,,2466,2392,,1340,878,1908,.460,278,801,.347,358,489,.732,287,1023,401,189,101,369,533
359,Wright State,33,18,15,.545,-2.10,-5.65,,10,10,,9,6,,7,8,,2637,2432,,1350,897,2062,.435,262,798,.328,376,555,.677,330,1138,373,262,91,434,519
360,Wyoming,31,9,22,.290,2.64,6.74,,4,14,,7,8,,1,8,,2144,2234,,1245,796,1733,.459,248,684,.363,394,500,.788,251,1024,389,190,96,346,537
361,Xavier,33,25,8,.758,16.42,9.07,,15,5,,15,2,,7,4,,2717,2453,,1325,904,2029,.446,249,687,.362,396,550,.720,305,1045,492,237,130,401,584
362,Yale,27,20,7,.741,8.42,-2.43,,10,4,,10,1,,8,6,,2066,1692,,1090,586,1475,.397,192,597,.322,328,476,.689,218,843,296,155,73,347,462
363,Youngstown State,33,24,9,.727,1.73,-6.18,,15,5,,14,2,,9,6,,2721,2396,,1345,903,1994,.453,234,679,.345,356,510,.698,328,1078,443,173,77,429,538