,,,,,,,,,,,,,SRS,SRS,SRS,Adjusted,Adjusted,Adjusted
Rk,School,Conf,,AP Rank,W,L,Pts,Opp,MOV,,SOS,,OSRS,DSRS,SRS,ORtg,DRtg,NRtg
1,Houston,AAC,,1,29,2,76.0,56.5,19.52,,4.44,,5.75,18.08,23.84,93.21,57.38,35.83
2,Alabama,SEC,,4,27,5,82.5,68.9,13.59,,10.01,,17.25,6.28,23.53,94.40,60.79,33.61
3,UCLA,Pac-12,,2,29,5,73.9,60.3,13.62,,8.99,,7.44,15.17,22.60,97.71,64.37,33.34
4,Tennessee,SEC,,17,23,9,71.8,57.4,14.44,,8.15,,5.23,16.68,21.91,91.74,57.94,33.81
5,Texas,Big 12,,7,25,8,77.9,67.8,10.15,,10.87,,11.91,9.40,21.31,94.82,64.09,30.74
6,Connecticut,Big East,,11,24,7,79.0,65.1,13.97,,7.45,,10.60,10.28,20.88,92.57,62.22,30.36
7,Gonzaga,WCC,,9,28,5,87.5,72.9,14.61,,7.54,,17.89,2.27,20.16,106.18,76.89,29.30
8,Arizona,Pac-12,,8,28,6,82.7,71.5,11.18,,8.83,,17.89,2.11,20.00,102.27,74.00,28.27
9,Kansas,Big 12,,3,26,6,75.7,68.0,7.66,,12.81,,10.83,8.99,19.81,90.74,61.35,29.39
10,Purdue,Big Ten,,5,26,5,73.2,62.5,10.68,,8.94,,7.37,12.18,19.55,93.01,63.30,29.71
11,Saint Mary's (CA),WCC,,16,26,7,71.4,60.1,11.24,,7.15,,1.70,16.42,18.12,96.07,67.73,28.34
12,Baylor,Big 12,,10,22,10,77.2,70.3,6.91,,11.18,,12.45,5.63,18.08,101.83,75.33,26.51
13,Creighton,Big East,,24,21,12,76.6,68.5,8.15,,9.54,,9.50,8.20,17.69,96.91,70.11,26.80
14,Marquette,Big East,,6,26,6,80.7,71.3,9.44,,7.93,,12.87,4.41,17.28,92.76,67.59,25.17
15,Arkansas,SEC,,,20,13,74.4,67.4,7.03,,9.61,,8.90,7.74,16.64,93.40,68.62,24.78
16,Iowa State,Big 12,,,19,12,68.8,62.5,6.29,,10.84,,1.64,14.89,16.53,87.70,62.27,25.43
17,West Virginia,Big 12,,,19,14,76.3,71.0,5.27,,11.26,,11.22,5.32,16.53,98.59,73.97,24.63
18,Xavier,Big East,,15,25,8,82.3,74.3,8.00,,9.07,,14.24,2.19,16.42,96.33,71.70,24.63
19,Kansas State,Big 12,,12,23,9,75.5,69.0,6.47,,9.84,,10.48,5.83,16.31,93.32,69.14,24.18
20,TCU,Big 12,,22,21,12,75.2,67.9,7.27,,8.98,,9.00,7.26,16.26,93.27,69.67,23.60
21,San Diego State,MWC,,20,26,6,72.4,63.8,8.56,,8.45,,4.63,11.36,15.98,91.17,66.65,24.52
22,Indiana,Big Ten,,19,22,10,75.1,68.2,6.91,,9.07,,8.97,6.67,15.65,92.37,68.34,24.03
23,Duke,ACC,,21,25,8,72.9,64.4,8.55,,7.03,,4.84,10.78,15.61,92.10,67.99,24.11
24,Illinois,Big Ten,,,20,12,74.7,67.0,7.69,,7.67,,9.00,6.37,15.36,92.51,69.75,22.75
25,Utah State,MWC,,,25,7,79.4,70.2,9.25,,7.29,,11.09,4.18,15.26,92.96,70.48,22.49
26,Kentucky,SEC,,23,21,11,75.1,68.0,7.03,,8.21,,8.49,6.76,15.24,98.51,74.84,23.67
27,Maryland,Big Ten,,,21,12,70.4,63.2,7.21,,7.90,,4.35,10.76,15.11,95.49,71.18,24.31
28,Texas A&M,SEC,,18,24,8,73.1,65.4,7.69,,7.28,,6.37,8.73,15.10,91.78,68.85,22.93
29,Rutgers,Big Ten,,,19,13,68.0,60.0,7.94,,7.54,,0.81,14.27,15.08,83.66,60.26,23.41
30,Auburn,SEC,,,20,12,72.7,67.1,5.66,,9.28,,6.70,8.24,14.93,93.22,70.73,22.49
31,Iowa,Big Ten,,,19,13,80.2,74.4,5.81,,8.81,,15.40,-0.78,14.62,101.15,79.11,22.04
32,Memphis,AAC,,,23,8,79.5,72.6,6.84,,6.64,,12.17,2.26,14.43,85.44,65.31,20.12
33,Michigan State,Big Ten,,,19,11,70.6,67.4,3.27,,11.23,,4.53,9.54,14.07,89.95,67.45,22.50
34,Southern California,Pac-12,,,22,10,72.8,67.3,5.53,,8.23,,7.74,6.03,13.76,94.34,74.20,20.14
35,Virginia,ACC,,13,25,6,68.4,60.3,8.13,,6.13,,-0.48,14.17,13.69,90.98,68.33,22.65
36,Boise State,MWC,,,24,8,72.6,64.1,8.47,,6.60,,4.04,9.59,13.63,88.73,67.38,21.35
37,Oregon,Pac-12,,,19,14,70.7,67.1,3.61,,10.00,,6.55,7.06,13.61,96.27,75.80,20.47
38,Northwestern,Big Ten,,,21,10,67.7,62.3,5.42,,8.41,,1.44,12.15,13.60,85.61,64.80,20.81
39,Oklahoma State,Big 12,,,18,15,68.5,66.1,2.36,,11.16,,3.60,9.92,13.52,88.35,67.67,20.68
40,Florida Atlantic,CUSA,,,29,3,79.2,65.3,13.91,,0.52,,7.57,5.82,13.39,87.20,67.29,19.91
41,Ohio State,Big Ten,,,15,18,72.8,69.0,3.88,,9.73,,7.65,5.62,13.27,90.24,69.49,20.75
42,Texas Tech,Big 12,,,16,16,73.3,69.0,4.34,,8.77,,6.23,6.88,13.11,92.68,73.64,19.04
43,North Carolina,ACC,,,20,13,76.2,70.9,5.27,,7.76,,9.25,3.78,13.03,93.60,73.77,19.83
44,Providence,Big East,,,21,11,78.1,71.3,6.78,,6.10,,9.88,3.00,12.88,96.25,77.15,19.10
45,Michigan,Big Ten,,,17,15,73.1,69.4,3.69,,9.01,,8.02,4.67,12.69,92.59,73.00,19.59
46,Penn State,Big Ten,,,20,12,72.6,68.4,4.16,,8.59,,7.16,5.52,12.68,91.46,71.92,19.54
47,NC State,ACC,,,23,10,78.2,70.8,7.39,,5.23,,9.61,3.02,12.63,95.09,76.38,18.71
48,Miami (FL),ACC,,14,25,7,79.4,72.1,7.28,,5.16,,11.54,0.90,12.44,98.56,79.42,19.14
49,Missouri,SEC,,25,23,8,80.1,74.8,5.32,,7.29,,12.79,-0.59,12.19,93.74,75.07,18.67
50,Colorado,Pac-12,,,17,16,70.0,66.8,3.27,,8.79,,4.73,7.33,12.06,89.37,71.49,17.88
51,Mississippi State,SEC,,,21,12,65.9,61.0,4.91,,7.14,,-1.58,13.63,12.05,87.06,68.11,18.94
52,Cincinnati,AAC,,,20,11,77.9,69.7,8.23,,5.09,,7.71,4.29,11.99,86.35,68.35,18.01
53,Oklahoma,Big 12,,,15,17,67.7,67.5,0.13,,11.84,,3.37,8.60,11.97,92.17,73.28,18.89
54,New Mexico,MWC,,,22,11,81.2,74.0,7.21,,5.72,,13.23,-1.30,11.93,95.78,78.03,17.75
55,Utah,Pac-12,,,17,15,68.7,63.8,4.81,,5.99,,2.71,9.18,11.89,85.75,69.68,16.07
56,Florida,SEC,,,16,16,71.9,68.7,3.28,,8.56,,5.84,6.01,11.85,89.09,70.73,18.36
57,Washington State,Pac-12,,,17,16,68.2,65.3,2.91,,8.50,,2.40,9.01,11.41,94.49,76.95,17.54
58,Nevada,MWC,,,22,10,72.6,66.9,5.75,,6.84,,4.63,6.73,11.36,92.35,74.20,18.15
59,Central Florida,AAC,,,18,13,72.1,65.5,6.61,,4.99,,3.06,8.19,11.24,86.90,67.91,18.98
60,Clemson,ACC,,,23,10,75.0,67.9,7.15,,4.08,,6.33,4.90,11.23,92.70,75.27,17.43
61,Arizona State,Pac-12,,,22,12,70.3,67.7,2.62,,8.41,,4.14,6.89,11.03,87.96,71.34,16.62
62,Seton Hall,Big East,,,17,15,68.5,65.1,3.38,,8.39,,0.84,10.16,11.00,86.99,69.88,17.11
63,Villanova,Big East,,,17,15,70.3,67.8,2.56,,8.67,,2.65,8.14,10.79,90.93,72.98,17.95
64,Wisconsin,Big Ten,,,17,14,64.9,63.8,1.13,,9.56,,-0.84,11.53,10.68,87.35,70.40,16.95
65,Stanford,Pac-12,,,14,19,70.3,68.4,1.97,,8.08,,5.10,4.95,10.05,95.86,80.83,15.03
66,Pittsburgh,ACC,,,22,11,76.1,70.5,5.64,,4.30,,6.76,3.18,9.94,95.19,79.58,15.60
67,Brigham Young,WCC,,,19,15,75.5,69.9,5.65,,5.88,,5.53,4.37,9.91,89.85,74.45,15.40
68,Virginia Commonwealth,A-10,,,25,7,71.0,62.7,8.31,,1.41,,1.92,7.92,9.84,82.97,68.17,14.80
69,UAB,CUSA,,,24,9,82.5,71.3,11.12,,1.11,,11.07,-1.28,9.79,85.24,69.49,15.75
70,Oral Roberts,Summit,,,30,4,84.2,70.1,14.12,,-2.92,,10.19,-0.58,9.61,95.42,81.19,14.23
71,Virginia Tech,ACC,,,19,14,74.2,69.8,4.45,,5.13,,6.35,3.23,9.58,95.26,79.76,15.50
72,North Texas,CUSA,,,26,6,64.1,55.1,8.97,,1.62,,-6.11,15.60,9.49,86.53,69.17,17.35
73,Vanderbilt,SEC,,,20,13,72.4,71.6,0.79,,8.88,,6.89,2.41,9.29,91.89,76.93,14.97
74,Dayton,A-10,,,21,11,68.8,60.6,8.16,,1.06,,-1.32,10.59,9.28,86.07,70.85,15.21
75,Santa Clara,WCC,,,23,9,77.6,73.6,3.97,,5.52,,8.44,0.76,9.20,92.57,78.86,13.70
76,St. John's (NY),Big East,,,18,15,77.3,75.2,2.15,,6.43,,10.30,-1.72,8.58,88.43,74.98,13.45
77,College of Charleston,CAA,,,31,3,80.8,67.4,13.44,,-4.51,,8.27,0.19,8.46,90.18,77.67,12.51
78,Yale,Ivy,,,20,7,76.5,62.7,13.85,,-2.43,,2.46,5.96,8.42,85.18,72.32,12.87
79,Drake,MVC,,,27,7,75.3,63.9,11.41,,-1.12,,3.27,5.07,8.34,90.73,76.84,13.89
80,Wake Forest,ACC,,,19,14,76.6,73.8,2.82,,5.43,,8.57,-0.32,8.24,93.34,80.50,12.84
81,Liberty,A-Sun,,,26,8,75.2,60.6,14.53,,-2.70,,0.68,7.53,8.21,91.92,77.33,14.60
82,Kent State,MAC,,,26,6,76.0,65.1,10.94,,-1.29,,2.58,5.51,8.09,78.57,66.86,11.70
83,Iona,MAAC,,,27,7,76.4,65.0,11.38,,-3.43,,4.92,3.03,7.95,91.88,79.10,12.78
84,Sam Houston State,WAC,,,25,7,73.2,58.9,14.28,,0.79,,-2.05,9.98,7.93,87.51,74.66,12.84
85,Nevada-Las Vegas,MWC,,,19,13,74.3,70.0,4.22,,5.84,,5.99,1.88,7.87,89.01,76.76,12.25
86,Nebraska,Big Ten,,,16,16,68.0,69.9,-1.91,,9.30,,1.93,5.47,7.40,86.35,74.39,11.96
87,Marshall,Sun Belt,,,24,8,81.8,71.3,10.47,,-2.59,,9.60,-2.22,7.38,90.33,79.73,10.60
88,Bradley,MVC,,,25,9,70.9,62.2,8.74,,-0.60,,-0.38,7.75,7.37,89.12,76.71,12.41
89,Washington,Pac-12,,,16,16,69.2,70.3,-1.16,,8.45,,4.13,3.17,7.30,87.48,76.49,10.99
90,Utah Valley,WAC,,,25,8,76.9,68.0,8.94,,0.91,,4.38,2.89,7.28,87.69,76.63,11.06
91,San Francisco,WCC,,,20,14,76.2,73.4,2.79,,4.19,,5.51,1.04,6.55,91.19,81.05,10.14
92,Toledo,MAC,,,27,6,86.1,76.3,9.82,,-2.35,,12.28,-5.77,6.51,91.57,80.82,10.75
93,Saint Louis,A-10,,,21,11,75.5,70.6,4.91,,3.12,,6.66,-0.35,6.31,89.11,77.86,11.25
94,Colorado State,MWC,,,15,18,72.5,71.4,1.09,,6.44,,4.60,1.62,6.23,93.27,83.25,10.02
95,Mississippi,SEC,,,12,21,67.5,69.1,-1.58,,7.79,,0.89,5.32,6.21,86.79,76.93,9.86
96,Wichita State,AAC,,,17,15,71.0,68.5,2.53,,3.68,,1.25,4.96,6.21,85.67,75.35,10.32
97,San Jose State,MWC,,,20,13,67.5,66.6,0.88,,5.74,,-0.53,6.49,5.96,90.42,80.39,10.03
98,Butler,Big East,,,14,18,65.3,67.9,-2.69,,8.55,,-2.66,8.51,5.86,83.28,74.15,9.14
99,Tulane,AAC,,,20,10,80.8,76.6,4.20,,3.05,,10.78,-4.95,5.83,86.09,74.92,11.17
100,Indiana State,MVC,,,22,12,79.4,69.3,10.12,,-3.53,,7.24,-1.47,5.77,91.25,81.97,9.29
101,Loyola Marymount,WCC,,,19,12,75.3,73.1,2.26,,4.88,,3.98,1.56,5.54,90.72,81.43,9.29
102,Syracuse,ACC,,,17,15,74.1,72.9,1.22,,4.18,,4.59,0.81,5.39,90.28,81.52,8.76
103,James Madison,Sun Belt,,,22,11,80.5,68.1,12.48,,-2.12,,5.96,-0.81,5.15,87.51,79.74,7.77
104,Furman,Southern,,,27,7,82.1,71.2,10.88,,-3.89,,7.25,-2.14,5.11,94.70,86.21,8.49
105,UC Irvine,Big West,,,23,11,75.3,66.7,8.56,,-0.61,,3.62,1.49,5.11,88.62,80.43,8.19
106,Temple,AAC,,,16,15,70.1,69.8,0.32,,5.59,,1.88,3.09,4.96,83.22,72.98,10.24
107,Hofstra,CAA,,,24,9,74.7,65.4,9.30,,-3.20,,2.79,2.11,4.89,88.87,80.09,8.77
108,Grand Canyon,WAC,,,24,11,75.3,66.8,8.49,,1.02,,2.38,2.26,4.64,91.78,84.21,7.57
109,Akron,MAC,,,22,10,74.7,66.6,8.13,,-1.22,,1.21,3.41,4.62,85.30,76.94,8.36
110,Southern Mississippi,Sun Belt,,,25,7,74.3,65.4,8.81,,-1.74,,2.17,2.09,4.26,87.04,79.78,7.27
111,Louisiana,Sun Belt,,,26,7,78.0,69.8,8.21,,-0.91,,5.39,-1.27,4.12,91.66,84.28,7.38
112,Duquesne,A-10,,,20,12,74.8,70.9,3.94,,0.14,,3.40,0.68,4.08,88.61,81.18,7.43
113,UC Santa Barbara,Big West,,,27,7,72.2,65.6,6.56,,-2.16,,0.69,3.22,3.91,91.69,84.83,6.86
114,Louisiana State,SEC,,,14,19,67.6,70.7,-3.12,,6.96,,0.18,3.66,3.84,87.20,81.01,6.20
115,South Alabama,Sun Belt,,,19,16,70.9,65.2,5.74,,-0.25,,-0.55,4.36,3.81,88.10,80.60,7.50
116,Southern Utah,WAC,,,22,12,82.5,74.3,8.18,,2.20,,9.26,-5.46,3.80,91.14,84.72,6.42
117,Charlotte,CUSA,,,18,14,66.7,62.8,3.97,,-0.35,,-4.45,8.06,3.62,88.49,81.31,7.18
118,Fresno State,MWC,,,11,20,63.7,65.7,-2.00,,5.74,,-4.01,7.25,3.24,84.36,78.81,5.55
119,DePaul,Big East,,,10,23,71.2,77.3,-6.12,,9.08,,4.57,-1.62,2.96,86.47,80.52,5.95
120,Hawaii,Big West,,,22,11,66.9,61.8,5.12,,-1.70,,-4.40,7.23,2.83,83.22,77.76,5.46
121,Wyoming,MWC,,,9,22,69.2,72.1,-2.90,,6.74,,0.86,1.78,2.64,88.52,83.95,4.57
122,Middle Tennessee,CUSA,,,19,13,70.3,67.8,2.50,,1.76,,0.11,2.52,2.63,81.77,76.19,5.58
123,Princeton,Ivy,,,19,8,76.0,68.6,7.41,,-3.33,,2.74,-0.11,2.63,82.44,78.00,4.45
124,Air Force,MWC,,,14,18,66.9,67.1,-0.13,,2.72,,-2.62,5.22,2.60,87.59,82.86,4.73
125,Fordham,A-10,,,25,7,72.1,67.3,4.84,,-1.98,,1.25,1.17,2.41,79.40,74.20,5.20
126,Montana State,Big Sky,,,25,9,74.2,66.6,7.59,,-1.69,,-1.85,4.25,2.40,85.00,80.23,4.77
127,Belmont,MVC,,,21,11,76.5,71.8,4.63,,-1.51,,5.20,-2.90,2.30,91.19,86.57,4.63
128,Colgate,Patriot,,,26,8,78.6,69.0,9.62,,-6.63,,5.07,-2.79,2.28,92.32,87.55,4.77
129,Cal State Fullerton,Big West,,,20,13,69.2,65.1,4.09,,0.23,,-1.59,3.82,2.23,84.95,80.58,4.37
130,Davidson,A-10,,,16,16,69.9,68.7,1.22,,1.69,,0.08,2.13,2.21,87.80,83.26,4.54
131,Georgia,SEC,,,16,16,68.5,71.5,-3.00,,5.20,,0.46,1.74,2.20,84.20,79.70,4.50
132,Portland,WCC,,,14,19,77.8,78.6,-0.85,,4.62,,6.50,-4.33,2.17,91.02,86.98,4.04
133,Georgia Tech,ACC,,,15,18,69.7,70.8,-1.03,,4.96,,-0.45,2.60,2.15,84.61,81.00,3.61
134,South Florida,AAC,,,14,18,72.0,72.0,0.00,,2.15,,1.72,0.43,2.15,84.87,79.94,4.93
135,Notre Dame,ACC,,,11,21,69.6,72.1,-2.50,,4.62,,0.63,1.48,2.12,90.14,85.92,4.22
136,George Mason,A-10,,,20,13,68.7,67.3,1.45,,0.49,,-2.34,4.28,1.94,82.93,78.64,4.29
137,Vermont,AEC,,,22,10,73.1,66.8,6.22,,-3.67,,-0.63,2.40,1.77,84.97,80.93,4.05
138,Youngstown State,Horizon,,,24,9,82.5,72.6,9.85,,-6.18,,6.71,-4.98,1.73,92.47,89.03,3.44
139,UNC Greensboro,Southern,,,20,12,72.1,64.5,7.56,,-2.85,,-3.57,5.29,1.72,82.30,78.53,3.77
140,Southern Illinois,MVC,,,23,10,65.7,61.4,4.30,,-1.64,,-6.53,8.18,1.64,82.59,78.66,3.93
141,Troy,Sun Belt,,,20,13,73.2,66.8,6.36,,-0.99,,0.10,1.54,1.64,83.87,80.58,3.29
142,Richmond,A-10,,,15,18,68.9,67.8,1.09,,0.51,,-2.06,3.66,1.60,84.82,80.90,3.92
143,Ohio,MAC,,,19,13,79.0,72.8,6.13,,-2.28,,4.07,-2.60,1.47,86.12,82.32,3.80
144,Eastern Washington,Big Sky,,,22,10,77.1,71.4,5.69,,-2.11,,3.91,-2.59,1.32,90.59,87.53,3.06
145,UC Riverside,Big West,,,22,12,72.4,69.2,3.26,,0.12,,1.34,-0.16,1.18,87.18,84.61,2.57
146,Seattle,WAC,,,20,12,72.0,69.0,2.94,,0.94,,-0.73,1.90,1.17,82.56,79.69,2.87
147,Boston College,ACC,,,16,17,66.6,70.2,-3.64,,4.76,,-1.80,2.93,1.13,83.22,80.42,2.81
148,Stephen F. Austin,WAC,,,19,13,75.8,69.9,5.91,,-0.47,,2.78,-1.84,0.95,85.63,82.72,2.91
149,Missouri State,MVC,,,17,15,65.6,63.2,2.41,,-0.52,,-5.37,6.21,0.84,84.82,82.55,2.27
150,Pennsylvania,Ivy,,,17,12,75.1,71.8,3.31,,-1.29,,2.84,-2.16,0.68,83.57,80.41,3.16
151,Samford,Southern,,,21,11,78.7,71.6,7.16,,-4.18,,3.50,-2.83,0.67,88.49,86.26,2.23
152,Massachusetts-Lowell,AEC,,,26,7,78.6,65.8,12.82,,-8.61,,2.21,-1.66,0.54,83.25,80.52,2.73
153,Oregon State,Pac-12,,,11,21,61.2,67.0,-5.78,,7.04,,-6.25,6.77,0.52,82.06,81.26,0.80
154,California Baptist,WAC,,,17,16,69.4,65.3,4.09,,-0.43,,-4.62,5.09,0.48,83.95,82.02,1.93
155,Pepperdine,WCC,,,9,22,78.0,81.3,-3.32,,5.24,,6.72,-6.31,0.41,86.51,84.51,2.00
156,Cornell,Ivy,,,17,10,82.5,75.9,6.59,,-2.65,,8.37,-7.99,0.39,86.82,84.36,2.46
157,Southern Methodist,AAC,,,10,22,70.3,75.6,-5.31,,5.66,,2.12,-1.77,0.34,82.18,79.91,2.28
158,Kennesaw State,A-Sun,,,26,8,75.3,68.9,6.35,,-2.62,,1.19,-0.90,0.29,83.82,82.31,1.51
159,Towson,CAA,,,21,12,71.8,66.7,5.03,,-4.74,,-1.21,1.51,0.29,86.99,84.76,2.23
160,Utah Tech,WAC,,,14,19,75.6,73.3,2.27,,1.33,,2.87,-2.71,0.16,88.40,87.15,1.25
161,UC Davis,Big West,,,18,14,74.8,71.1,3.69,,-1.29,,2.97,-2.83,0.14,85.14,83.71,1.42
162,East Carolina,AAC,,,16,16,69.5,70.8,-1.31,,1.76,,-1.66,1.72,0.06,79.64,77.24,2.40
163,Minnesota,Big Ten,,,9,22,62.9,71.0,-8.16,,8.22,,-2.24,2.30,0.06,81.88,80.79,1.08
164,Pacific,WCC,,,15,18,75.8,77.7,-1.91,,2.58,,4.84,-4.88,-0.03,88.11,87.15,0.96
165,Saint Joseph's,A-10,,,16,17,72.4,72.4,-0.03,,-0.16,,1.98,-2.17,-0.19,84.24,83.29,0.95
166,Old Dominion,Sun Belt,,,19,12,66.9,66.2,0.68,,-0.43,,-3.71,3.52,-0.20,82.47,81.91,0.56
167,Long Beach State,Big West,,,17,16,76.5,74.4,2.09,,-0.04,,7.26,-7.47,-0.21,85.71,85.10,0.61
168,Louisiana Tech,CUSA,,,15,18,72.2,70.3,1.91,,1.56,,0.49,-0.72,-0.24,83.80,82.81,0.99
169,Florida State,ACC,,,9,23,69.3,76.2,-6.88,,6.56,,1.90,-2.22,-0.32,85.66,84.79,0.87
170,Tarleton State,WAC,,,17,16,72.0,67.8,4.24,,2.07,,-2.69,2.27,-0.42,82.72,82.50,0.22
171,Ball State,MAC,,,20,12,76.4,71.6,4.78,,-3.05,,1.67,-2.42,-0.75,87.29,86.63,0.67
172,Montana,Big Sky,,,17,14,69.3,68.2,1.06,,-1.51,,-2.30,1.49,-0.81,88.13,88.39,-0.26
173,Harvard,Ivy,,,14,14,68.4,66.4,2.00,,-2.13,,-4.57,3.75,-0.82,80.32,79.93,0.39
174,Northern Kentucky,Horizon,,,22,12,68.2,63.6,4.68,,-3.43,,-6.76,5.80,-0.96,83.19,82.92,0.27
175,UTEP,CUSA,,,14,18,68.5,68.5,0.00,,1.54,,-3.39,2.37,-1.02,77.87,77.73,0.14
176,Georgetown,Big East,,,7,25,69.5,78.1,-8.59,,7.50,,2.07,-3.16,-1.09,84.09,84.15,-0.06
177,St. Bonaventure,A-10,,,14,18,66.8,67.7,-0.91,,-0.19,,-4.34,3.25,-1.09,81.25,81.36,-0.12
178,Western Kentucky,CUSA,,,17,16,71.4,70.6,0.76,,0.74,,-0.92,-0.25,-1.17,82.11,82.31,-0.20
179,UNC Wilmington,CAA,,,24,10,68.9,64.3,4.59,,-3.07,,-4.16,2.97,-1.19,82.08,82.28,-0.20
180,Massachusetts,A-10,,,15,16,69.8,71.4,-1.65,,0.43,,0.39,-1.61,-1.22,79.80,80.35,-0.55
181,New Mexico State,WAC,,,9,15,73.7,71.7,2.04,,2.73,,1.52,-2.79,-1.27,86.33,87.02,-0.69
182,Appalachian State,Sun Belt,,,16,16,70.3,64.6,5.66,,-0.77,,-5.23,3.94,-1.29,81.02,81.83,-0.82
183,South Dakota State,Summit,,,19,13,70.9,69.8,1.16,,-1.60,,-1.80,0.45,-1.34,83.94,84.43,-0.49
184,UNC Asheville,Big South,,,27,7,75.0,68.6,6.44,,-5.33,,-0.12,-1.36,-1.48,78.99,80.41,-1.42
185,San Diego,WCC,,,11,20,77.1,80.5,-3.35,,3.77,,5.92,-7.50,-1.58,91.52,92.53,-1.01
186,George Washington,A-10,,,16,16,76.3,76.7,-0.44,,-0.40,,5.81,-7.53,-1.73,89.42,90.22,-0.81
187,Longwood,Big South,,,20,12,73.2,66.2,6.94,,-6.41,,-3.26,1.46,-1.81,83.32,84.44,-1.12
188,South Carolina,SEC,,,11,21,64.3,72.6,-8.28,,6.41,,-3.34,1.46,-1.88,83.02,84.79,-1.76
189,Cleveland State,Horizon,,,21,13,71.7,68.1,3.62,,-4.93,,-2.26,0.36,-1.90,83.65,85.25,-1.59
190,Lipscomb,A-Sun,,,20,13,76.4,71.0,5.39,,-3.97,,1.66,-3.56,-1.90,83.50,85.12,-1.62
191,Texas State,Sun Belt,,,16,19,66.0,66.7,-0.71,,-0.43,,-5.13,3.07,-2.06,83.90,85.94,-2.03
192,Wright State,Horizon,,,18,15,79.9,73.7,6.21,,-5.65,,4.31,-6.41,-2.10,83.90,85.81,-1.91
193,Chattanooga,Southern,,,18,17,77.2,72.1,5.11,,-3.18,,2.02,-4.20,-2.18,87.43,89.30,-1.88
194,Northern Iowa,MVC,,,14,18,70.1,69.9,0.19,,-0.58,,-1.24,-0.95,-2.19,83.83,85.69,-1.87
195,Drexel,CAA,,,17,15,66.7,62.4,4.31,,-5.43,,-6.40,4.13,-2.27,80.30,81.79,-1.49
196,Texas A&M-Corpus Christi,Southland,,,23,10,80.4,72.5,7.85,,-7.66,,2.39,-4.70,-2.31,84.33,86.18,-1.85
197,Quinnipiac,MAAC,,,20,12,73.0,69.7,3.25,,-5.17,,1.21,-3.60,-2.39,83.67,85.92,-2.25
198,Radford,Big South,,,19,14,69.7,64.9,4.82,,-4.49,,-4.74,2.28,-2.45,83.43,85.74,-2.31
199,Eastern Kentucky,A-Sun,,,20,13,77.4,72.1,5.24,,-2.11,,0.23,-2.71,-2.47,81.00,82.97,-1.98
200,Abilene Christian,WAC,,,13,17,75.0,71.1,3.87,,1.18,,1.36,-3.87,-2.51,85.43,87.62,-2.19
201,Stetson,A-Sun,,,17,13,76.6,73.3,3.27,,-2.56,,2.25,-4.82,-2.56,90.83,93.11,-2.28
202,Florida Gulf Coast,A-Sun,,,17,15,71.3,69.4,1.81,,-3.02,,-1.90,-0.67,-2.57,83.36,85.87,-2.51
203,Weber State,Big Sky,,,18,15,67.2,67.5,-0.30,,-0.99,,-5.37,2.76,-2.61,80.57,83.50,-2.93
204,La Salle,A-10,,,15,19,69.8,72.6,-2.76,,0.13,,-0.55,-2.08,-2.63,82.70,85.14,-2.44
205,Brown,Ivy,,,14,13,69.6,69.3,0.22,,-2.89,,-2.49,-0.18,-2.67,78.47,80.52,-2.05
206,Buffalo,MAC,,,15,17,77.5,77.7,-0.13,,0.97,,3.79,-6.46,-2.67,82.23,83.55,-1.32
207,St. Thomas,Summit,,,19,14,74.2,70.2,3.97,,-4.23,,-0.31,-2.37,-2.69,87.90,90.31,-2.41
208,Rice,CUSA,,,18,15,76.7,76.4,0.27,,0.97,,4.55,-7.27,-2.73,85.92,88.23,-2.31
209,North Carolina Central,MEAC,,,18,12,75.6,65.9,9.70,,-5.96,,-2.58,-0.19,-2.77,78.90,81.39,-2.49
210,Navy,Patriot,,,18,13,69.4,64.9,4.48,,-6.13,,-4.72,1.93,-2.79,82.19,84.81,-2.62
211,California,Pac-12,,,3,29,58.3,70.1,-11.78,,8.91,,-7.43,4.56,-2.87,78.94,83.51,-4.57
212,Detroit Mercy,Horizon,,,14,19,76.6,75.3,1.24,,-3.41,,3.10,-6.11,-3.01,89.32,92.51,-3.19
213,Georgia Southern,Sun Belt,,,17,16,68.4,66.7,1.70,,-1.81,,-4.82,1.78,-3.04,79.78,82.91,-3.13
214,Florida International,CUSA,,,14,18,73.1,75.1,-2.03,,-0.02,,1.41,-4.46,-3.05,80.92,83.26,-2.34
215,Siena,MAAC,,,17,15,68.6,67.2,1.38,,-4.74,,-2.83,-0.53,-3.36,81.56,84.98,-3.42
216,Rider,MAAC,,,16,14,70.2,67.6,2.60,,-4.81,,-2.07,-1.33,-3.39,85.60,89.11,-3.51
217,Norfolk State,MEAC,,,22,10,76.2,68.7,7.44,,-6.33,,-1.29,-2.15,-3.44,82.21,85.66,-3.45
218,Grambling,SWAC,,,24,8,69.3,62.3,7.03,,-8.09,,-6.64,3.00,-3.63,73.16,76.55,-3.39
219,Bryant,AEC,,,17,13,79.4,73.1,6.27,,-4.57,,3.71,-7.34,-3.64,83.16,86.89,-3.73
220,Northern Arizona,Big Sky,,,12,23,73.7,74.7,-0.97,,-0.01,,0.97,-4.64,-3.68,87.03,91.03,-4.00
221,Gardner-Webb,Big South,,,15,16,70.7,65.5,5.16,,-4.61,,-5.77,1.96,-3.81,77.42,81.50,-4.08
222,Rhode Island,A-10,,,9,22,66.0,70.6,-4.65,,0.67,,-4.33,0.35,-3.98,77.65,81.63,-3.98
223,Murray State,MVC,,,17,15,70.4,72.0,-1.59,,-1.16,,-0.62,-3.38,-4.00,84.95,90.05,-5.10
224,North Dakota State,Summit,,,16,17,72.8,73.2,-0.30,,-1.57,,-1.06,-2.96,-4.02,83.89,88.21,-4.32
225,Northern Colorado,Big Sky,,,12,20,73.6,77.5,-3.91,,-0.22,,3.15,-7.37,-4.22,86.22,91.14,-4.92
226,Queens (NC),A-Sun,,,18,15,77.7,74.6,3.06,,-4.36,,2.53,-6.80,-4.26,85.84,90.97,-5.13
227,Sacramento State,Big Sky,,,14,18,66.1,67.8,-1.72,,-1.25,,-5.91,1.63,-4.28,83.71,89.26,-5.56
228,Northwestern State,Southland,,,22,11,74.6,72.1,2.58,,-6.62,,-1.37,-2.94,-4.31,82.42,87.24,-4.82
229,Loyola (IL),A-10,,,10,21,67.4,72.5,-5.10,,0.65,,-2.99,-1.45,-4.45,81.48,86.35,-4.88
230,Milwaukee,Horizon,,,21,11,78.3,73.8,4.50,,-3.97,,2.61,-7.10,-4.49,81.92,87.04,-5.11
231,Howard,MEAC,,,20,12,75.8,72.7,3.13,,-5.76,,-1.04,-3.72,-4.76,73.24,79.64,-6.40
232,UT Arlington,WAC,,,11,21,66.4,68.4,-2.03,,2.35,,-5.78,1.02,-4.76,79.98,86.14,-6.17
233,Portland State,Big Sky,,,12,19,76.2,75.5,0.74,,-0.21,,3.07,-7.87,-4.80,83.03,88.44,-5.41
234,Wofford,Southern,,,17,16,74.7,72.5,2.24,,-3.13,,0.01,-4.84,-4.83,88.07,94.02,-5.95
235,Mercer,Southern,,,14,19,68.7,67.0,1.73,,-3.87,,-6.83,1.83,-5.00,79.37,85.39,-6.02
236,Purdue-Fort Wayne,Horizon,,,17,15,73.9,69.8,4.06,,-4.68,,-2.56,-2.62,-5.18,79.33,86.11,-6.78
237,Campbell,Big South,,,16,18,69.8,68.5,1.32,,-4.88,,-3.56,-1.66,-5.22,82.98,89.50,-6.52
238,Louisville,ACC,,,4,28,63.9,75.8,-11.84,,6.50,,-3.58,-1.77,-5.35,81.43,88.38,-6.96
239,Robert Morris,Horizon,,,16,17,69.3,66.8,2.48,,-5.32,,-6.47,0.89,-5.58,78.23,85.19,-6.96
240,Delaware,CAA,,,17,16,69.6,70.7,-1.06,,-3.75,,-2.77,-2.83,-5.60,81.65,87.91,-6.27
241,East Tennessee State,Southern,,,12,20,69.1,69.0,0.09,,-4.31,,-5.42,-0.45,-5.87,80.73,88.15,-7.42
242,Northern Illinois,MAC,,,13,19,72.0,75.0,-3.03,,-2.27,,-2.19,-3.98,-6.17,78.49,85.54,-7.05
243,Texas-Rio Grande Valley,WAC,,,15,17,78.7,78.2,0.50,,-0.25,,3.98,-10.16,-6.17,82.74,89.97,-7.23
244,Western Carolina,Southern,,,18,15,74.5,70.9,3.55,,-4.17,,-1.80,-4.40,-6.20,80.80,88.32,-7.52
245,Idaho State,Big Sky,,,11,21,69.2,71.0,-1.84,,-2.63,,-4.17,-2.06,-6.23,82.20,90.17,-7.97
246,Jacksonville,A-Sun,,,13,16,63.3,62.6,0.72,,-2.58,,-11.76,5.53,-6.24,78.19,86.32,-8.13
247,Maryland-Baltimore County,AEC,,,18,14,74.3,72.8,1.56,,-7.03,,-0.29,-6.00,-6.29,84.44,92.09,-7.65
248,SIU Edwardsville,OVC,,,19,14,74.6,71.3,3.33,,-7.35,,-2.90,-3.39,-6.29,79.45,86.82,-7.37
249,UC San Diego,Big West,,,10,20,68.6,73.0,-4.40,,-0.29,,-2.93,-3.54,-6.47,81.19,90.16,-8.97
250,Jacksonville State,A-Sun,,,13,18,69.9,70.3,-0.39,,-2.49,,-5.30,-1.26,-6.56,79.75,88.38,-8.63
251,Georgia State,Sun Belt,,,10,21,66.7,69.4,-2.65,,-0.72,,-5.59,-0.99,-6.58,77.84,86.17,-8.33
252,Winthrop,Big South,,,15,17,73.8,74.4,-0.69,,-3.55,,0.54,-7.12,-6.58,86.38,94.76,-8.38
253,North Florida,A-Sun,,,14,17,76.2,77.6,-1.35,,-2.39,,2.54,-9.14,-6.60,85.70,93.85,-8.16
254,Niagara,MAAC,,,16,15,65.0,65.9,-0.90,,-4.46,,-8.29,1.63,-6.66,80.99,89.77,-8.77
255,Fairfield,MAAC,,,13,18,64.9,66.0,-1.06,,-4.43,,-7.13,0.24,-6.89,78.62,87.64,-9.02
256,Illinois State,MVC,,,11,21,66.5,70.5,-4.00,,-2.92,,-5.43,-1.49,-6.92,79.98,88.59,-8.61
257,Canisius,MAAC,,,10,20,70.4,72.3,-1.93,,-3.34,,-2.20,-4.72,-6.93,80.79,89.11,-8.32
258,Cal Poly,Big West,,,8,25,60.8,65.9,-5.09,,-0.05,,-10.97,3.95,-7.01,74.82,84.91,-10.09
259,Miami (OH),MAC,,,12,20,73.7,74.5,-0.88,,-2.00,,-2.03,-5.01,-7.04,83.27,91.53,-8.26
260,North Dakota,Summit,,,13,20,72.1,73.9,-1.76,,-2.60,,-1.99,-5.12,-7.11,83.15,92.46,-9.31
261,Western Illinois,Summit,,,16,14,73.0,72.4,0.67,,-4.28,,-3.26,-3.86,-7.13,82.18,91.73,-9.55
262,Southeast Missouri State,OVC,,,19,16,77.7,76.0,1.69,,-6.70,,2.28,-9.47,-7.19,80.33,88.96,-8.63
263,Army,Patriot,,,17,16,73.1,70.4,2.73,,-7.68,,-1.32,-5.91,-7.23,82.34,91.15,-8.81
264,Bellarmine,A-Sun,,,15,18,66.3,67.2,-0.88,,-1.31,,-8.22,0.85,-7.37,81.01,91.28,-10.27
265,Maryland-Eastern Shore,MEAC,,,18,12,70.2,66.0,4.23,,-5.37,,-6.90,-0.61,-7.51,70.22,78.77,-8.55
266,Morehead State,OVC,,,21,11,70.2,66.4,3.81,,-5.93,,-9.31,1.71,-7.61,78.89,87.90,-9.01
267,South Carolina Upstate,Big South,,,16,15,68.9,69.6,-0.71,,-4.05,,-5.23,-2.41,-7.64,77.57,87.83,-10.27
268,Southeastern Louisiana,Southland,,,18,14,77.6,76.0,1.59,,-6.36,,0.41,-8.05,-7.64,80.97,90.03,-9.06
269,Oakland,Horizon,,,13,19,73.3,76.3,-2.97,,-2.60,,0.19,-7.95,-7.76,83.33,92.96,-9.62
270,Arkansas State,Sun Belt,,,13,20,65.7,67.6,-1.91,,-3.01,,-8.47,0.69,-7.78,80.11,90.52,-10.41
271,Cal State Bakersfield,Big West,,,11,22,60.5,64.7,-4.21,,-1.00,,-11.07,3.21,-7.87,74.77,85.73,-10.96
272,Lafayette,Patriot,,,11,23,62.4,65.6,-3.29,,-4.66,,-11.06,3.11,-7.95,74.14,84.73,-10.59
273,Mount St. Mary's,MAAC,,,13,20,63.7,67.0,-3.36,,-3.86,,-7.85,-0.17,-8.02,75.85,86.36,-10.51
274,UTSA,CUSA,,,10,22,69.3,76.6,-7.28,,0.88,,-0.83,-7.19,-8.02,79.99,89.45,-9.46
275,Tulsa,AAC,,,5,25,65.3,77.4,-12.13,,4.10,,-3.10,-4.94,-8.04,77.83,88.30,-10.47
276,Nicholls State,Southland,,,16,15,75.6,72.7,2.94,,-5.19,,-2.83,-5.22,-8.05,72.23,81.87,-9.65
277,Bowling Green State,MAC,,,11,20,76.0,78.5,-2.55,,-3.44,,0.07,-8.16,-8.09,81.08,90.86,-9.78
278,Dartmouth,Ivy,,,10,18,71.4,72.4,-1.04,,-2.68,,-3.36,-4.78,-8.14,76.10,86.00,-9.90
279,Boston University,Patriot,,,15,17,67.1,67.2,-0.13,,-6.58,,-7.05,-1.11,-8.16,76.94,87.49,-10.56
280,Southern,SWAC,,,15,17,71.9,71.3,0.63,,-6.11,,-3.64,-4.53,-8.18,74.62,84.75,-10.13
281,American,Patriot,,,17,15,65.4,65.9,-0.53,,-7.71,,-8.25,0.01,-8.24,79.68,90.44,-10.76
282,Southern Indiana,OVC,,,16,16,76.5,74.1,2.44,,-7.33,,0.30,-8.56,-8.26,81.83,92.20,-10.37
283,Valparaiso,MVC,,,11,21,68.9,73.6,-4.66,,-2.30,,-3.84,-4.42,-8.26,77.73,88.16,-10.42
284,North Alabama,A-Sun,,,18,14,74.9,74.4,0.50,,-4.16,,-0.22,-8.05,-8.27,81.91,92.10,-10.18
285,Louisiana-Monroe,Sun Belt,,,11,21,67.4,69.8,-2.44,,-0.25,,-6.57,-1.75,-8.32,76.49,87.25,-10.76
286,Idaho,Big Sky,,,10,22,73.0,72.9,0.09,,-3.53,,-3.32,-5.04,-8.36,83.26,95.00,-11.74
287,Alcorn State,SWAC,,,18,13,68.1,70.6,-2.52,,-5.88,,-3.74,-4.65,-8.40,78.50,88.97,-10.48
288,Marist,MAAC,,,13,20,63.9,66.7,-2.76,,-5.67,,-8.22,-0.21,-8.43,77.05,88.05,-11.01
289,Illinois-Chicago,MVC,,,12,20,67.2,71.6,-4.47,,-2.73,,-3.91,-4.53,-8.44,76.44,87.31,-10.87
290,Tennessee-Martin,OVC,,,19,14,80.5,75.4,5.12,,-7.73,,0.72,-9.21,-8.49,79.64,90.38,-10.74
291,Coastal Carolina,Sun Belt,,,11,20,73.3,74.0,-0.68,,-1.53,,-0.92,-7.79,-8.71,83.08,94.32,-11.25
292,Prairie View,SWAC,,,13,20,67.5,68.4,-0.91,,-6.45,,-7.76,-1.01,-8.77,69.27,80.10,-10.83
293,Tennessee State,OVC,,,18,14,78.1,75.0,3.06,,-8.76,,-1.07,-7.77,-8.83,79.91,91.39,-11.48
294,Maine,AEC,,,13,17,68.5,69.7,-1.23,,-4.68,,-6.08,-2.81,-8.90,77.51,89.07,-11.56
295,Denver,Summit,,,15,17,72.7,75.1,-2.41,,-5.42,,-1.91,-7.17,-9.08,79.76,91.89,-12.13
296,Lehigh,Patriot,,,16,14,69.8,69.4,0.40,,-6.06,,-4.67,-4.43,-9.09,75.18,87.10,-11.92
297,New Hampshire,AEC,,,15,15,66.4,67.0,-0.63,,-5.73,,-9.92,0.83,-9.09,75.36,86.92,-11.56
298,Tennessee Tech,OVC,,,16,17,73.7,73.4,0.33,,-6.18,,-3.25,-5.96,-9.22,80.60,92.25,-11.65
299,Kansas City,Summit,,,11,21,64.4,68.7,-4.34,,-2.78,,-10.22,0.94,-9.28,74.77,87.21,-12.45
300,Charleston Southern,Big South,,,10,21,72.6,74.4,-1.74,,-4.43,,-2.42,-6.98,-9.40,83.46,96.25,-12.79
301,South Dakota,Summit,,,12,19,69.3,73.6,-4.29,,-2.86,,-4.40,-5.01,-9.41,81.40,94.02,-12.62
302,Texas Southern,SWAC,,,12,20,69.6,72.3,-2.78,,-4.48,,-4.23,-5.22,-9.45,67.07,79.65,-12.58
303,Bucknell,Patriot,,,12,20,67.5,68.5,-0.97,,-7.14,,-5.62,-3.95,-9.58,74.05,87.21,-13.16
304,High Point,Big South,,,14,17,74.6,77.2,-2.58,,-5.19,,-0.66,-9.18,-9.84,78.38,90.99,-12.61
305,Manhattan,MAAC,,,12,18,67.2,70.4,-3.20,,-4.97,,-5.53,-4.37,-9.90,76.96,89.81,-12.85
306,Saint Peter's,MAAC,,,14,18,62.1,65.1,-3.03,,-5.25,,-11.05,1.16,-9.90,75.41,89.25,-13.85
307,Cal State Northridge,Big West,,,7,25,63.4,68.6,-5.19,,-1.24,,-9.19,-0.72,-9.91,75.95,89.87,-13.92
308,Western Michigan,MAC,,,8,23,69.9,74.0,-4.16,,-1.95,,-4.02,-6.14,-10.16,81.22,94.99,-13.77
309,Northeastern,CAA,,,10,20,65.3,71.7,-6.37,,-4.00,,-6.64,-3.72,-10.36,75.78,89.54,-13.76
310,Omaha,Summit,,,9,23,68.5,76.2,-7.69,,-1.39,,-3.77,-6.59,-10.36,79.37,93.23,-13.86
311,Alabama A&M,SWAC,,,15,17,69.9,70.8,-0.94,,-7.31,,-5.99,-4.39,-10.38,71.08,83.55,-12.47
312,Binghamton,AEC,,,13,18,68.8,71.5,-2.71,,-5.53,,-6.12,-4.34,-10.46,76.49,90.39,-13.90
313,Texas A&M-Commerce,Southland,,,13,20,71.6,73.4,-1.79,,-7.26,,-5.07,-5.53,-10.60,69.46,83.10,-13.64
314,Eastern Michigan,MAC,,,8,23,72.2,80.8,-8.58,,-1.53,,-0.74,-9.95,-10.69,80.01,93.32,-13.31
315,Jackson State,SWAC,,,14,19,67.6,73.6,-5.97,,-4.94,,-4.99,-5.91,-10.91,75.54,89.46,-13.92
316,Chicago State,Ind,,,11,20,70.3,73.0,-2.71,,-3.15,,-6.28,-4.65,-10.93,80.22,94.70,-14.48
317,William & Mary,CAA,,,13,20,67.2,70.3,-3.06,,-4.17,,-6.97,-4.01,-10.97,78.77,93.60,-14.83
318,North Carolina A&T,CAA,,,13,19,70.8,73.8,-3.06,,-3.76,,-3.01,-8.19,-11.21,76.54,91.20,-14.66
319,Fairleigh Dickinson,NEC,,,19,15,77.8,74.9,2.91,,-11.72,,1.18,-12.59,-11.40,83.78,98.45,-14.67
320,Morgan State,MEAC,,,15,16,74.9,72.3,2.61,,-5.98,,-5.08,-6.38,-11.46,70.82,84.97,-14.15
321,Merrimack,NEC,,,18,16,62.6,62.3,0.26,,-9.50,,-13.73,2.17,-11.56,67.66,82.64,-14.98
322,Central Michigan,MAC,,,10,21,65.7,73.0,-7.26,,-2.25,,-8.88,-2.71,-11.59,71.09,86.51,-15.42
323,The Citadel,Southern,,,10,22,67.4,74.2,-6.75,,-3.61,,-6.73,-5.23,-11.97,76.83,92.85,-16.02
324,Loyola (MD),Patriot,,,13,20,67.3,70.6,-3.30,,-6.09,,-7.51,-4.48,-11.99,76.76,93.61,-16.85
325,Wagner,NEC,,,15,13,63.1,61.7,1.39,,-11.27,,-14.50,2.27,-12.24,71.22,86.65,-15.43
326,Little Rock,OVC,,,10,21,75.4,79.4,-4.00,,-6.75,,0.09,-12.49,-12.40,80.62,96.63,-16.01
327,Stony Brook,CAA,,,11,22,63.1,69.1,-5.94,,-4.08,,-11.21,-1.20,-12.41,73.63,90.68,-17.04
328,Austin Peay,A-Sun,,,9,22,66.7,72.3,-5.61,,-2.72,,-9.47,-2.98,-12.45,72.04,88.13,-16.10
329,Arkansas-Pine Bluff,SWAC,,,10,21,66.9,69.7,-2.84,,-4.86,,-6.60,-5.89,-12.49,70.68,87.36,-16.69
330,NJIT,AEC,,,7,23,66.9,72.7,-5.80,,-5.67,,-6.82,-5.82,-12.64,75.30,92.61,-17.31
331,Elon,CAA,,,8,24,65.4,71.6,-6.16,,-4.31,,-8.26,-4.52,-12.78,75.88,93.08,-17.20
332,McNeese State,Southland,,,11,23,69.2,75.4,-6.26,,-5.02,,-6.69,-6.48,-13.17,76.33,93.89,-17.56
333,Sacred Heart,NEC,,,16,17,70.7,71.2,-0.58,,-11.31,,-4.77,-8.42,-13.18,74.12,91.00,-16.88
334,Stonehill,NEC,,,14,17,67.0,69.6,-2.61,,-8.98,,-8.56,-4.69,-13.25,73.05,90.36,-17.31
335,Presbyterian,Big South,,,5,27,63.2,69.5,-6.31,,-5.04,,-11.38,-2.20,-13.58,72.53,91.87,-19.35
336,Central Arkansas,A-Sun,,,9,22,72.9,81.5,-8.58,,-3.06,,-0.70,-12.93,-13.63,75.95,93.36,-17.41
337,Eastern Illinois,OVC,,,9,22,68.8,72.1,-3.26,,-6.49,,-8.88,-4.95,-13.83,72.43,90.93,-18.50
338,New Orleans,Southland,,,12,20,73.1,79.3,-6.13,,-6.96,,-2.41,-11.42,-13.83,75.31,93.16,-17.85
339,Saint Francis (PA),NEC,,,13,18,73.0,73.7,-0.74,,-9.76,,-3.57,-10.33,-13.90,78.82,97.63,-18.81
340,Central Connecticut State,NEC,,,10,22,66.0,70.2,-4.19,,-9.86,,-9.23,-4.82,-14.05,74.89,93.65,-18.77
341,Holy Cross,Patriot,,,10,22,66.8,72.6,-5.88,,-6.41,,-7.42,-6.86,-14.28,72.21,91.43,-19.21
342,Albany (NY),AEC,,,8,23,67.3,75.2,-7.94,,-4.55,,-6.28,-8.10,-14.37,75.96,95.60,-19.64
343,Lindenwood,OVC,,,11,21,69.6,73.8,-4.25,,-6.08,,-7.64,-6.89,-14.53,73.68,92.89,-19.20
344,Coppin State,MEAC,,,9,23,72.0,83.2,-11.16,,-3.44,,-0.45,-14.14,-14.60,76.36,94.88,-18.51
345,Columbia,Ivy,,,7,22,67.8,75.8,-7.97,,-2.65,,-6.68,-7.97,-14.65,71.07,89.70,-18.63
346,Evansville,MVC,,,5,27,62.4,76.0,-13.59,,-1.11,,-8.48,-6.22,-14.70,70.52,89.85,-19.34
347,Incarnate Word,Southland,,,12,19,70.8,73.9,-3.10,,-8.00,,-7.79,-7.04,-14.83,69.22,88.52,-19.30
348,Hampton,CAA,,,8,24,68.2,77.5,-9.31,,-4.55,,-5.33,-9.77,-15.10,75.18,95.11,-19.92
349,Monmouth,CAA,,,7,26,61.7,74.7,-13.03,,-2.60,,-9.55,-6.08,-15.63,70.19,91.97,-21.78
350,Alabama State,SWAC,,,8,23,63.3,72.6,-9.32,,-5.94,,-10.99,-4.98,-15.97,69.41,90.41,-21.01
351,VMI,Southern,,,7,25,69.4,76.8,-7.41,,-3.44,,-6.53,-9.59,-16.12,76.84,99.28,-22.45
352,Bethune-Cookman,SWAC,,,13,20,67.6,74.5,-6.88,,-7.48,,-7.04,-9.41,-16.45,69.00,90.54,-21.54
353,South Carolina State,MEAC,,,5,26,73.4,83.8,-10.48,,-3.96,,-1.57,-14.98,-16.56,75.02,95.63,-20.61
354,Houston Christian,Southland,,,10,22,77.6,83.1,-5.50,,-6.59,,-1.35,-15.48,-16.83,77.66,99.40,-21.74
355,Lamar,Southland,,,9,22,67.9,74.5,-6.68,,-7.23,,-9.80,-7.18,-16.98,71.77,94.50,-22.73
356,St. Francis (NY),NEC,,,14,16,64.9,67.8,-2.93,,-11.70,,-13.04,-3.98,-17.02,67.86,91.05,-23.19
357,Florida A&M,SWAC,,,7,22,58.6,70.0,-11.38,,-4.60,,-14.20,-3.21,-17.41,66.87,91.14,-24.27
358,Delaware State,MEAC,,,6,24,64.6,75.5,-10.87,,-4.96,,-10.10,-7.61,-17.71,69.40,92.82,-23.42
359,Mississippi Valley State,SWAC,,,5,27,61.0,74.8,-13.72,,-4.08,,-11.19,-6.60,-17.80,67.75,91.92,-24.16
360,IUPUI,Horizon,,,5,27,65.3,76.8,-11.47,,-5.26,,-8.77,-9.93,-18.70,73.27,99.12,-25.85
361,Green Bay,Horizon,,,3,29,59.3,76.5,-17.16,,-2.93,,-13.79,-6.30,-20.09,68.40,97.10,-28.70
362,Hartford,Ind,,,5,23,62.8,71.1,-8.36,,-8.18,,-14.81,-8.53,-23.34,65.88,98.72,-32.84
363,Long Island University,NEC,,,3,26,66.7,80.0,-13.24,,-6.36,,-9.62,-15.43,-25.04,62.37,92.83,-30.46