,,Overall,Overall,Overall,Overall,Overall,Overall,,Conf.,Conf.,,Home,Home,,Away,Away,,Points,Points,,Totals,Totals,Totals,Totals,Totals,Totals,Totals,Totals,Totals,Totals,Totals,Totals,Totals,Totals,Totals,Totals,Totals
Rk,School,G,W,L,W-L%,SRS,SOS,,W,L,,W,L,,W,L,,Tm.,Opp.,,MP,FG,FGA,FG%,3P,3PA,3P%,FT,FTA,FT%,ORB,TRB,AST,STL,BLK,TOV,PF
1,Abilene Christian,30,13,17,.433,-2.51,1.18,,5,11,,9,5,,4,8,,2249,2133,,1210,812,1800,.451,211,613,.344,414,573,.723,307,972,471,264,71,379,617
2,Air Force,32,14,18,.438,2.60,2.72,,5,13,,10,9,,4,9,,2142,2146,,1295,756,1636,.462,261,733,.356,369,511,.722,213,946,491,184,127,391,544
3,Akron,32,22,10,.688,4.62,-1.22,,13,5,,15,1,,5,6,,2390,2130,,1290,819,1843,.444,293,823,.356,459,625,.734,327,1139,433,196,81,352,506
4,Alabama,32,27,5,.844,23.53,10.01,,16,2,,15,0,,9,3,,2640,2205,,1310,889,1992,.446,322,949,.339,540,744,.726,404,1414,483,197,161,450,601
5,Alabama A&M,32,15,17,.469,-10.38,-7.31,,10,8,,9,8,,5,8,,2236,2266,,1296,805,1816,.443,220,587,.375,406,619,.656,317,1039,409,258,130,480,604
6,Alabama State,31,8,23,.258,-15.97,-5.94,,6,12,,5,5,,2,18,,1963,2252,,1245,683,1821,.375,185,605,.306,412,584,.705,387,1117,309,182,110,414,557
7,Albany (NY),31,8,23,.258,-14.37,-4.55,,3,13,,5,6,,2,16,,2086,2332,,1245,726,1755,.414,237,725,.327,397,550,.722,317,1033,363,178,51,414,576
8,Alcorn State,31,18,13,.581,-8.40,-5.88,,15,3,,7,2,,10,9,,2112,2190,,1261,746,1813,.411,159,538,.296,461,637,.724,368,1050,310,249,79,393,590
9,American,32,17,15,.531,-8.24,-7.71,,7,11,,8,6,,9,9,,2093,2110,,1300,785,1630,.482,204,589,.346,319,455,.701,259,970,436,238,126,448,482
10,Appalachian State,32,16,16,.500,-1.29,-0.77,,9,9,,10,7,,6,7,,2248,2067,,1290,819,1854,.442,243,726,.335,367,543,.676,288,1142,417,204,146,352,442
11,Arizona,34,28,6,.824,20.00,8.83,,14,6,,15,2,,6,4,,2811,2431,,1360,999,2015,.496,292,765,.382,521,735,.709,349,1339,652,208,109,455,579
12,Arizona State,34,22,12,.647,11.03,8.41,,11,9,,10,5,,7,6,,2391,2302,,1375,850,2056,.413,255,813,.314,436,633,.689,385,1253,484,247,159,402,630
13,Arkansas,33,20,13,.606,16.64,9.61,,8,10,,14,3,,2,8,,2456,2224,,1325,893,1879,.475,168,530,.317,502,728,.690,331,1162,443,277,173,426,631
14,Arkansas State,33,13,20,.394,-7.78,-3.01,,4,14,,10,8,,2,11,,2169,2232,,1325,777,1799,.432,209,593,.352,406,600,.677,325,1108,433,220,108,385,553
15,Arkansas-Pine Bluff,31,10,21,.323,-12.49,-4.86,,6,12,,8,5,,2,16,,2074,2162,,1250,701,1791,.391,245,776,.316,427,587,.727,314,1071,396,250,86,473,611
16,Army,33,17,16,.515,-7.23,-7.68,,10,8,,10,5,,7,8,,2412,2322,,1330,885,1853,.478,252,718,.351,390,570,.684,280,1132,432,168,70,427,532
17,Auburn,32,20,12,.625,14.93,9.28,,10,8,,14,2,,4,8,,2327,2146,,1285,826,1875,.441,208,663,.314,467,665,.702,375,1159,454,256,164,399,615
18,Austin Peay,31,9,22,.290,-12.45,-2.72,,3,15,,7,8,,1,13,,2067,2241,,1245,743,1790,.415,222,690,.322,359,495,.725,312,972,387,220,94,364,525
19,Ball State,32,20,12,.625,-0.75,-3.05,,11,7,,12,2,,6,7,,2445,2292,,1285,841,1785,.471,240,651,.369,523,759,.689,337,1147,422,176,123,391,525
20,Baylor,32,22,10,.688,18.08,11.18,,11,7,,14,3,,5,5,,2469,2248,,1285,823,1843,.447,310,834,.372,513,685,.749,373,1097,464,213,76,394,556
21,Bellarmine,33,15,18,.455,-7.37,-1.31,,9,9,,8,6,,6,12,,2187,2216,,1330,797,1738,.459,264,752,.351,329,436,.755,217,960,467,184,45,368,522
22,Belmont,32,21,11,.656,2.30,-1.51,,14,6,,12,2,,7,7,,2447,2299,,1290,898,1902,.472,307,791,.388,344,474,.726,267,1055,488,225,101,365,499
23,Bethune-Cookman,33,13,20,.394,-16.45,-7.48,,9,10,,8,5,,4,13,,2232,2459,,1325,793,1926,.412,227,627,.362,419,602,.696,327,1066,371,236,97,420,575
24,Binghamton,31,13,18,.419,-10.46,-5.53,,8,8,,8,7,,5,11,,2133,2217,,1260,794,1763,.450,172,533,.323,373,523,.713,301,1086,361,144,98,404,558
25,Boise State,32,24,8,.750,13.63,6.60,,13,5,,15,1,,5,6,,2322,2051,,1295,830,1818,.457,255,696,.366,407,551,.739,282,1144,362,161,96,361,517
26,Boston College,33,16,17,.485,1.13,4.76,,9,11,,9,7,,4,7,,2197,2317,,1330,819,1873,.437,188,590,.319,371,512,.725,308,1093,413,210,118,405,521
27,Boston University,32,15,17,.469,-8.16,-6.58,,8,10,,9,4,,6,11,,2147,2151,,1300,761,1845,.412,238,722,.330,387,524,.739,328,1136,335,205,79,384,561
28,Bowling Green State,31,11,20,.355,-8.09,-3.44,,5,13,,7,9,,4,11,,2355,2434,,1240,840,1859,.452,224,658,.340,451,622,.725,326,1109,428,188,93,378,550
29,Bradley,34,25,9,.735,7.37,-0.60,,16,4,,15,1,,8,5,,2411,2114,,1365,892,1928,.463,271,754,.359,356,532,.669,329,1201,456,237,134,398,545
30,Brigham Young,34,19,15,.559,9.91,5.88,,7,9,,12,4,,2,7,,2568,2376,,1365,913,2008,.455,276,812,.340,466,650,.717,374,1272,501,251,135,481,659
31,Brown,27,14,13,.519,-2.67,-2.89,,7,7,,7,5,,7,8,,1878,1872,,1086,682,1557,.438,216,622,.347,298,464,.642,241,942,372,194,87,361,438
32,Bryant,30,17,13,.567,-3.64,-4.57,,8,8,,9,4,,7,8,,2381,2193,,1205,848,1821,.466,243,714,.340,442,602,.734,318,1179,403,200,106,402,518
33,Bucknell,32,12,20,.375,-9.58,-7.14,,5,13,,7,7,,3,13,,2161,2192,,1290,797,1749,.456,235,660,.356,332,463,.717,260,1084,429,176,121,427,498
34,Buffalo,32,15,17,.469,-2.67,0.97,,9,9,,11,4,,3,9,,2481,2485,,1285,906,2000,.453,224,696,.322,445,632,.704,377,1208,470,254,102,452,602
35,Butler,32,14,18,.438,5.86,8.55,,6,14,,10,6,,3,10,,2088,2174,,1280,771,1767,.436,207,633,.327,339,459,.739,207,958,403,216,138,378,429
36,Cal Poly,33,8,25,.242,-7.01,-0.05,,1,18,,6,11,,1,13,,2006,2174,,1330,715,1733,.413,181,615,.294,395,531,.744,281,1080,341,181,82,457,653
37,Cal State Bakersfield,33,11,22,.333,-7.87,-1.00,,6,14,,6,8,,3,12,,1995,2134,,1340,732,1770,.414,142,437,.325,389,512,.760,311,1055,355,205,100,424,621
38,Cal State Fullerton,33,20,13,.606,2.23,0.23,,12,6,,11,2,,7,8,,2283,2148,,1360,779,1812,.430,253,686,.369,472,681,.693,303,1108,340,214,85,391,590
39,Cal State Northridge,32,7,25,.219,-9.91,-1.24,,4,16,,7,8,,0,14,,2028,2194,,1285,695,1735,.401,184,575,.320,454,612,.742,313,1066,314,201,99,400,605
40,California,32,3,29,.094,-2.87,8.91,,2,18,,3,14,,0,12,,1866,2243,,1290,662,1694,.391,156,524,.298,386,534,.723,278,1007,308,151,100,417,548
41,California Baptist,33,17,16,.515,0.48,-0.43,,7,10,,12,5,,4,8,,2291,2156,,1330,811,1898,.427,276,837,.330,393,592,.664,362,1227,471,146,103,379,569
42,Campbell,34,16,18,.471,-5.22,-4.88,,8,10,,8,6,,4,10,,2374,2329,,1385,830,1777,.467,228,683,.334,486,691,.703,267,1066,416,212,97,404,554
43,Canisius,30,10,20,.333,-6.93,-3.34,,8,12,,7,7,,3,12,,2111,2169,,1225,763,1809,.422,255,734,.347,328,448,.732,313,1008,431,168,79,357,469
44,Central Arkansas,31,9,22,.290,-13.63,-3.06,,4,14,,6,8,,2,13,,2261,2527,,1255,818,1987,.412,264,818,.323,361,482,.749,347,1128,384,202,98,413,508
45,Central Connecticut State,32,10,22,.313,-14.05,-9.86,,7,9,,6,7,,4,14,,2111,2245,,1295,791,1874,.422,219,669,.327,310,437,.709,324,1092,412,179,122,380,451
46,Central Florida,31,18,13,.581,11.24,4.99,,8,10,,11,6,,4,6,,2235,2030,,1275,773,1798,.430,275,762,.361,414,537,.771,357,1078,440,233,118,405,516
47,Central Michigan,31,10,21,.323,-11.59,-2.25,,5,13,,6,8,,3,12,,2038,2263,,1245,702,1688,.416,191,637,.300,443,642,.690,343,1096,333,181,118,494,614
48,Charleston Southern,31,10,21,.323,-9.40,-4.43,,5,13,,6,8,,3,12,,2251,2305,,1245,819,1850,.443,251,731,.343,362,498,.727,360,1091,373,157,81,365,562
49,Charlotte,32,18,14,.563,3.62,-0.35,,9,11,,11,4,,5,8,,2135,2008,,1305,788,1673,.471,256,680,.376,303,407,.744,213,957,413,171,82,346,447
50,Chattanooga,35,18,17,.514,-2.18,-3.18,,7,11,,9,7,,6,9,,2702,2523,,1405,924,2042,.452,398,1057,.377,456,639,.714,335,1268,536,200,121,407,552
51,Chicago State,31,11,20,.355,-10.93,-3.15,,,,,8,0,,3,20,,2180,2264,,1245,760,1757,.433,256,755,.339,404,555,.728,365,1090,379,175,83,422,561
52,Cincinnati,31,20,11,.645,11.99,5.09,,11,7,,15,3,,4,6,,2416,2161,,1250,891,1959,.455,281,780,.360,353,503,.702,339,1143,494,189,119,335,494
53,Clemson,33,23,10,.697,11.23,4.08,,14,6,,15,1,,5,6,,2476,2240,,1330,874,1862,.469,276,747,.369,452,572,.790,244,1156,472,170,102,369,576
54,Cleveland State,34,21,13,.618,-1.90,-4.93,,14,6,,13,3,,7,9,,2437,2314,,1380,928,2040,.455,174,562,.310,407,599,.679,428,1213,456,237,114,396,568
55,Coastal Carolina,31,11,20,.355,-8.71,-1.53,,5,13,,8,8,,3,11,,2273,2294,,1250,816,1880,.434,223,705,.316,418,533,.784,349,1153,383,188,99,379,497
56,Colgate,34,26,8,.765,2.28,-6.63,,17,1,,14,2,,11,4,,2672,2345,,1360,1017,1980,.514,283,694,.408,355,540,.657,270,1155,631,237,97,346,427
57,College of Charleston,34,31,3,.912,8.46,-4.51,,16,2,,17,1,,11,2,,2747,2290,,1370,941,2146,.438,343,1027,.334,522,704,.741,464,1377,469,250,107,408,572
58,Colorado,33,17,16,.515,12.06,8.79,,8,12,,12,4,,2,9,,2311,2203,,1320,844,1943,.434,215,675,.319,408,589,.693,371,1231,430,250,120,441,538
59,Colorado State,33,15,18,.455,6.23,6.44,,6,12,,9,7,,4,8,,2391,2355,,1335,873,1790,.488,251,689,.364,394,529,.745,197,1014,545,187,81,368,537
60,Columbia,29,7,22,.241,-14.65,-2.65,,2,12,,6,9,,1,13,,1966,2197,,1170,696,1728,.403,226,714,.317,348,487,.715,296,998,340,196,58,401,485
61,Connecticut,31,24,7,.774,20.88,7.45,,13,7,,15,2,,6,5,,2450,2017,,1240,860,1866,.461,282,780,.362,448,594,.754,416,1211,542,207,154,406,567
62,Coppin State,32,9,23,.281,-14.60,-3.44,,4,10,,4,6,,5,16,,2304,2661,,1300,779,1790,.435,268,793,.338,478,665,.719,206,973,361,246,81,477,629
63,Cornell,27,17,10,.630,0.39,-2.65,,7,7,,11,2,,6,8,,2227,2049,,1085,794,1672,.475,292,821,.356,347,477,.727,278,927,476,261,59,337,449
64,Creighton,33,21,12,.636,17.69,9.54,,14,6,,13,2,,5,6,,2529,2260,,1330,908,1943,.467,294,817,.360,419,546,.767,279,1227,525,173,138,384,434
65,Dartmouth,28,10,18,.357,-8.14,-2.68,,6,8,,7,5,,3,11,,1998,2027,,1135,719,1626,.442,228,685,.333,332,475,.699,236,976,360,153,113,404,476
66,Davidson,32,16,16,.500,2.21,1.69,,8,10,,7,8,,6,6,,2236,2197,,1295,785,1774,.443,216,664,.325,450,602,.748,265,1054,420,172,41,347,485
67,Dayton,32,21,11,.656,9.28,1.06,,12,6,,14,2,,5,6,,2200,1939,,1290,786,1680,.468,216,623,.347,412,596,.691,299,1163,488,157,139,394,436
68,Delaware,33,17,16,.515,-5.60,-3.75,,8,10,,10,5,,4,10,,2298,2333,,1330,816,1859,.439,218,680,.321,448,616,.727,286,1069,389,228,131,374,540
69,Delaware State,30,6,24,.200,-17.71,-4.96,,4,11,,4,8,,2,14,,1939,2265,,1210,714,1725,.414,171,542,.315,340,494,.688,336,1047,372,209,79,481,551
70,Denver,32,15,17,.469,-9.08,-5.42,,6,12,,9,5,,4,11,,2325,2402,,1300,835,1716,.487,144,442,.326,511,713,.717,290,1126,363,177,98,479,544
71,DePaul,33,10,23,.303,2.96,9.08,,3,17,,7,8,,2,12,,2349,2551,,1340,838,1961,.427,273,742,.368,400,541,.739,305,1070,457,211,156,427,604
72,Detroit Mercy,33,14,19,.424,-3.01,-3.41,,9,11,,9,5,,5,13,,2527,2486,,1330,876,2024,.433,338,875,.386,437,569,.768,433,1212,413,202,64,390,529
73,Drake,34,27,7,.794,8.34,-1.12,,15,5,,14,1,,6,6,,2561,2173,,1390,930,1977,.470,271,727,.373,430,559,.769,276,1215,463,183,89,356,503
74,Drexel,32,17,15,.531,-2.27,-5.43,,10,8,,12,3,,3,9,,2135,1997,,1305,773,1794,.431,229,725,.316,360,527,.683,330,1120,374,180,103,373,464
75,Duke,33,25,8,.758,15.61,7.03,,14,6,,16,0,,4,6,,2407,2125,,1325,865,1914,.452,229,680,.337,448,582,.770,408,1283,492,184,151,398,502
76,Duquesne,32,20,12,.625,4.08,0.14,,10,8,,16,4,,3,7,,2394,2268,,1282,871,1990,.438,288,790,.365,364,529,.688,397,1145,491,265,124,381,597
77,East Carolina,32,16,16,.500,0.06,1.76,,6,12,,10,6,,2,9,,2225,2267,,1280,753,1845,.408,246,769,.320,473,684,.692,396,1181,422,207,86,418,565
78,East Tennessee State,32,12,20,.375,-5.87,-4.31,,8,10,,7,9,,4,9,,2211,2208,,1285,821,1814,.453,203,633,.321,366,546,.670,343,1122,390,195,99,420,491
79,Eastern Illinois,31,9,22,.290,-13.83,-6.49,,5,13,,6,9,,3,12,,2134,2235,,1245,797,1800,.443,162,493,.329,378,593,.637,288,1052,449,260,105,419,559
80,Eastern Kentucky,33,20,13,.606,-2.47,-2.11,,12,6,,14,2,,5,10,,2553,2380,,1325,958,2202,.435,283,839,.337,354,538,.658,452,1329,502,267,160,401,530
81,Eastern Michigan,31,8,23,.258,-10.69,-1.53,,5,13,,6,7,,2,13,,2239,2505,,1250,803,1827,.440,192,608,.316,441,575,.767,270,974,299,194,67,367,587
82,Eastern Washington,32,22,10,.688,1.32,-2.11,,16,2,,11,2,,9,6,,2466,2284,,1280,880,1784,.493,282,783,.360,424,562,.754,286,1152,495,159,98,435,562
83,Elon,32,8,24,.250,-12.78,-4.31,,6,12,,5,9,,3,12,,2094,2291,,1280,762,1791,.425,218,722,.302,352,497,.708,281,1079,389,196,69,395,515
84,Evansville,32,5,27,.156,-14.70,-1.11,,1,19,,3,10,,1,14,,1997,2432,,1280,729,1839,.396,199,618,.322,340,540,.630,252,1004,328,224,62,392,520
85,Fairfield,31,13,18,.419,-6.89,-4.43,,9,11,,7,6,,4,10,,2012,2045,,1255,690,1681,.410,178,621,.287,454,627,.724,305,1045,296,170,114,367,472
86,Fairleigh Dickinson,34,19,15,.559,-11.40,-11.72,,10,6,,10,5,,8,9,,2646,2547,,1375,971,2133,.455,275,795,.346,429,575,.746,398,1162,509,273,66,391,647
87,Florida,32,16,16,.500,11.85,8.56,,9,9,,10,5,,4,7,,2302,2197,,1285,811,1845,.440,216,677,.319,464,647,.717,265,1114,398,215,169,353,526
88,Florida A&M,29,7,22,.241,-17.41,-4.60,,5,13,,4,7,,3,15,,1700,2030,,1165,595,1536,.387,167,533,.313,343,496,.692,295,953,280,191,105,464,551
89,Florida Atlantic,32,29,3,.906,13.39,0.52,,18,2,,17,0,,11,3,,2533,2088,,1290,910,1927,.472,319,856,.373,394,553,.712,340,1235,478,218,79,376,510
90,Florida Gulf Coast,32,17,15,.531,-2.57,-3.02,,7,11,,8,5,,6,9,,2280,2222,,1290,805,1844,.437,295,832,.355,375,507,.740,301,1107,409,219,104,365,497
91,Florida International,32,14,18,.438,-3.05,-0.02,,8,12,,11,7,,3,10,,2339,2404,,1300,867,1861,.466,219,671,.326,386,541,.713,275,1008,397,290,128,473,547
92,Florida State,32,9,23,.281,-0.32,6.56,,7,13,,5,11,,4,7,,2219,2439,,1280,802,1840,.436,209,633,.330,406,559,.726,278,1006,430,197,125,388,519
93,Fordham,32,25,7,.781,2.41,-1.98,,12,6,,18,2,,6,5,,2308,2153,,1290,772,1845,.418,243,764,.318,521,703,.741,346,1195,405,233,160,438,628
94,Fresno State,31,11,20,.355,3.24,5.74,,6,12,,7,7,,4,9,,1974,2036,,1240,720,1673,.430,210,681,.308,324,420,.771,248,938,382,196,103,359,499
95,Furman,34,27,7,.794,5.11,-3.89,,15,3,,14,2,,8,3,,2791,2421,,1375,978,2023,.483,324,934,.347,511,690,.741,337,1207,581,231,109,379,570
96,Gardner-Webb,31,15,16,.484,-3.81,-4.61,,10,8,,8,5,,6,10,,2192,2032,,1260,813,1741,.467,196,583,.336,370,592,.625,310,1097,399,222,146,403,594
97,George Mason,33,20,13,.606,1.94,0.49,,11,7,,14,2,,4,7,,2268,2220,,1330,800,1774,.451,240,685,.350,428,657,.651,302,1180,452,152,103,453,568
98,George Washington,32,16,16,.500,-1.73,-0.40,,10,8,,11,6,,5,6,,2441,2455,,1305,869,1849,.470,228,710,.321,475,644,.738,284,1118,406,182,109,403,526
99,Georgetown,32,7,25,.219,-1.09,7.50,,2,18,,5,12,,1,11,,2225,2500,,1290,818,1934,.423,185,599,.309,404,563,.718,345,1151,380,197,146,392,462
100,Georgia,32,16,16,.500,2.20,5.20,,6,12,,13,4,,1,10,,2193,2289,,1285,728,1774,.410,215,678,.317,522,718,.727,347,1145,358,202,85,423,513
101,Georgia Southern,33,17,16,.515,-3.04,-1.81,,9,9,,12,4,,3,11,,2257,2201,,1325,840,1926,.436,207,659,.314,370,539,.686,325,1165,343,232,94,378,551
102,Georgia State,31,10,21,.323,-6.58,-0.72,,3,15,,10,9,,0,11,,2068,2150,,1245,745,1789,.416,164,556,.295,414,581,.713,343,1070,342,179,111,400,528
103,Georgia Tech,33,15,18,.455,2.15,4.96,,6,14,,11,6,,3,9,,2301,2335,,1325,855,2019,.423,259,773,.335,332,477,.696,349,1155,463,197,134,349,524
104,Gonzaga,33,28,5,.848,20.16,7.54,,14,2,,15,1,,7,2,,2888,2406,,1325,1076,2035,.529,256,661,.387,480,685,.701,336,1204,547,252,110,349,554
105,Grambling,32,24,8,.750,-3.63,-8.09,,15,3,,11,1,,9,6,,2218,1993,,1285,792,1728,.458,172,471,.365,462,719,.643,352,1161,400,238,131,462,600
106,Grand Canyon,35,24,11,.686,4.64,1.02,,10,7,,14,4,,5,5,,2636,2339,,1410,905,1953,.463,314,819,.383,512,715,.716,357,1292,441,172,115,423,632
107,Green Bay,32,3,29,.094,-20.09,-2.93,,2,18,,2,10,,1,17,,1898,2447,,1285,656,1665,.394,218,724,.301,368,524,.702,235,905,350,162,76,447,541
108,Hampton,32,8,24,.250,-15.10,-4.55,,5,13,,7,6,,1,13,,2183,2481,,1285,759,1934,.392,228,709,.322,437,636,.687,335,1098,352,138,101,354,587
109,Hartford,28,5,23,.179,-23.34,-8.18,,,,,5,10,,0,11,,1757,1991,,1120,659,1543,.427,206,620,.332,233,362,.644,255,886,364,179,105,403,395
110,Harvard,28,14,14,.500,-0.82,-2.13,,5,9,,5,7,,8,6,,1914,1858,,1130,700,1593,.439,184,596,.309,330,493,.669,299,1015,370,211,107,381,408
111,Hawaii,33,22,11,.667,2.83,-1.70,,13,7,,13,5,,6,4,,2208,2039,,1335,772,1799,.429,220,667,.330,444,594,.747,320,1165,367,151,125,401,528
112,High Point,31,14,17,.452,-9.84,-5.19,,6,12,,10,5,,2,11,,2312,2392,,1241,813,1834,.443,234,720,.325,452,722,.626,362,1179,383,203,152,438,573
113,Hofstra,33,24,9,.727,4.89,-3.20,,16,2,,11,1,,10,5,,2466,2159,,1330,940,1955,.481,286,779,.367,300,407,.737,248,1120,472,207,141,349,474
114,Holy Cross,32,10,22,.313,-14.28,-6.41,,7,11,,6,9,,4,11,,2136,2324,,1285,812,1862,.436,219,599,.366,293,471,.622,255,1040,398,203,89,387,514
115,Houston,31,29,2,.935,23.84,4.44,,17,1,,16,2,,11,0,,2357,1752,,1240,871,1850,.471,247,702,.352,368,510,.722,397,1192,465,262,149,306,505
116,Houston Christian,32,10,22,.313,-16.83,-6.59,,7,11,,8,8,,2,13,,2482,2658,,1285,851,1863,.457,265,726,.365,515,717,.718,330,1097,474,184,88,489,575
117,Howard,32,20,12,.625,-4.76,-5.76,,11,3,,12,2,,6,8,,2427,2327,,1285,863,1868,.462,259,681,.380,442,614,.720,366,1132,478,240,95,519,563
118,Idaho,32,10,22,.313,-8.36,-3.53,,4,14,,6,10,,4,11,,2335,2332,,1296,824,1747,.472,217,638,.340,470,617,.762,222,979,381,164,57,362,539
119,Idaho State,32,11,21,.344,-6.23,-2.63,,8,10,,7,7,,4,12,,2213,2272,,1310,794,1785,.445,245,725,.338,380,517,.735,259,1005,392,185,90,370,564
120,Illinois,32,20,12,.625,15.36,7.67,,11,9,,15,2,,3,7,,2389,2143,,1295,854,1894,.451,245,793,.309,436,641,.680,363,1214,399,219,181,409,540
121,Illinois State,32,11,21,.344,-6.92,-2.92,,6,14,,8,7,,3,9,,2127,2255,,1300,737,1699,.434,232,690,.336,421,531,.793,280,1045,345,183,105,466,590
122,Illinois-Chicago,32,12,20,.375,-8.44,-2.73,,4,16,,7,8,,3,11,,2149,2292,,1290,747,1794,.416,255,774,.329,400,611,.655,269,1037,421,206,150,410,560
123,Incarnate Word,31,12,19,.387,-14.83,-8.00,,6,13,,7,7,,3,13,,2194,2290,,1255,776,1756,.442,194,557,.348,448,600,.747,284,976,382,259,88,425,532
124,Indiana,32,22,10,.688,15.65,9.07,,12,8,,15,2,,5,7,,2403,2182,,1285,908,1853,.490,185,491,.377,402,566,.710,292,1150,489,183,161,378,555
125,Indiana State,34,22,12,.647,5.77,-3.53,,13,7,,11,4,,7,6,,2700,2356,,1365,951,1972,.482,322,910,.354,476,618,.770,239,1175,541,223,64,401,559
126,Iona,34,27,7,.794,7.95,-3.43,,17,3,,11,1,,8,4,,2597,2210,,1365,957,2078,.461,240,667,.360,441,603,.731,382,1216,511,254,189,361,555
127,Iowa,32,19,13,.594,14.62,8.81,,11,9,,14,3,,4,7,,2567,2381,,1295,913,2009,.454,258,752,.343,483,654,.739,384,1163,530,212,110,317,470
128,Iowa State,31,19,12,.613,16.53,10.84,,9,9,,13,3,,3,8,,2132,1937,,1250,798,1767,.452,204,604,.338,332,493,.673,349,1041,442,274,90,397,590
129,IUPUI,32,5,27,.156,-18.70,-5.26,,2,18,,4,9,,0,15,,2089,2456,,1285,786,1718,.458,146,492,.297,371,537,.691,297,1011,358,185,81,506,570
130,Jackson State,33,14,19,.424,-10.91,-4.94,,12,6,,7,2,,6,14,,2232,2429,,1338,800,1911,.419,207,650,.318,425,630,.675,384,1137,406,248,82,514,571
131,Jacksonville,29,13,16,.448,-6.24,-2.58,,6,12,,7,6,,6,10,,1837,1816,,1160,686,1519,.452,200,588,.340,265,353,.751,220,968,376,148,69,333,409
132,Jacksonville State,31,13,18,.419,-6.56,-2.49,,6,12,,9,5,,3,12,,2166,2178,,1245,747,1705,.438,281,747,.376,391,559,.699,318,1117,381,172,74,410,510
133,James Madison,33,22,11,.667,5.15,-2.12,,12,6,,11,3,,8,6,,2658,2246,,1340,933,2019,.462,263,751,.350,529,748,.707,393,1257,444,298,87,435,583
134,Kansas,32,26,6,.813,19.81,12.81,,13,5,,15,1,,7,4,,2421,2176,,1290,893,1917,.466,227,653,.348,408,569,.717,316,1162,539,280,122,388,538
135,Kansas City,32,11,21,.344,-9.28,-2.78,,7,11,,6,8,,3,11,,2060,2199,,1295,723,1844,.392,188,665,.283,426,598,.712,430,1183,300,192,117,432,585
136,Kansas State,32,23,9,.719,16.31,9.84,,11,7,,16,1,,4,7,,2416,2209,,1300,838,1848,.453,228,670,.340,512,683,.750,332,1140,536,246,89,459,566
137,Kennesaw State,34,26,8,.765,0.29,-2.62,,15,3,,15,1,,10,6,,2559,2343,,1375,904,1957,.462,281,764,.368,470,710,.662,327,1196,490,271,95,423,610
138,Kent State,32,26,6,.813,8.09,-1.29,,15,3,,15,0,,9,6,,2433,2083,,1285,876,1932,.453,249,747,.333,432,596,.725,340,1132,398,289,125,371,610
139,Kentucky,32,21,11,.656,15.24,8.21,,12,6,,14,4,,6,4,,2402,2177,,1290,880,1919,.459,204,577,.354,438,623,.703,435,1247,490,207,120,373,516
140,La Salle,34,15,19,.441,-2.63,0.13,,7,11,,8,8,,5,8,,2374,2468,,1375,863,2037,.424,248,726,.342,400,577,.693,384,1217,408,229,110,427,606
141,Lafayette,34,11,23,.324,-7.95,-4.66,,7,11,,5,7,,5,16,,2120,2232,,1394,767,1881,.408,298,911,.327,288,460,.626,284,1106,528,196,101,396,523
142,Lamar,31,9,22,.290,-16.98,-7.23,,5,13,,6,9,,2,12,,2104,2311,,1250,761,1767,.431,178,556,.320,404,574,.704,364,1119,409,199,104,441,488
143,Lehigh,30,16,14,.533,-9.09,-6.06,,11,7,,9,6,,7,8,,2094,2082,,1200,752,1698,.443,205,584,.351,385,516,.746,203,1006,370,187,71,353,501
144,Liberty,34,26,8,.765,8.21,-2.70,,15,3,,18,1,,6,6,,2556,2062,,1360,917,1925,.476,358,954,.375,364,496,.734,284,1155,555,219,76,352,503
145,Lindenwood,32,11,21,.344,-14.53,-6.08,,6,12,,9,4,,2,14,,2226,2362,,1305,804,1873,.429,239,664,.360,379,520,.729,288,1099,376,203,105,424,514
146,Lipscomb,33,20,13,.606,-1.90,-3.97,,11,7,,13,2,,7,11,,2521,2343,,1340,943,1983,.476,266,748,.356,369,496,.744,289,1198,466,177,92,399,460
147,Little Rock,31,10,21,.323,-12.40,-6.75,,6,12,,8,5,,2,16,,2337,2461,,1250,845,1907,.443,185,567,.326,462,632,.731,339,1107,460,209,72,418,609
148,Long Beach State,33,17,16,.515,-0.21,-0.04,,11,9,,9,5,,6,9,,2524,2455,,1355,949,2086,.455,146,494,.296,480,708,.678,429,1341,494,245,108,466,563
149,Long Island University,29,3,26,.103,-25.04,-6.36,,1,15,,2,10,,1,15,,1935,2319,,1160,720,1683,.428,142,420,.338,353,535,.660,275,1005,420,192,99,475,511
150,Longwood,32,20,12,.625,-1.81,-6.41,,12,6,,12,3,,8,8,,2341,2119,,1280,831,1837,.452,241,685,.352,438,607,.722,357,1111,398,206,70,380,531
151,Louisiana,33,26,7,.788,4.12,-0.91,,13,5,,14,0,,7,7,,2575,2304,,1325,928,1917,.484,233,617,.378,486,711,.684,370,1214,477,236,102,401,558
152,Louisiana State,33,14,19,.424,3.84,6.96,,2,16,,10,8,,0,9,,2231,2334,,1320,768,1875,.410,239,730,.327,456,632,.722,376,1156,406,223,88,405,560
153,Louisiana Tech,33,15,18,.455,-0.24,1.56,,7,13,,9,6,,4,11,,2383,2320,,1350,854,1930,.442,281,814,.345,394,546,.722,359,1145,408,260,87,451,570
154,Louisiana-Monroe,32,11,21,.344,-8.32,-0.25,,7,11,,7,8,,4,10,,2157,2235,,1295,759,1860,.408,242,690,.351,397,557,.713,345,1124,403,220,114,405,484
155,Louisville,32,4,28,.125,-5.35,6.50,,2,18,,4,13,,0,11,,2046,2425,,1280,716,1700,.421,200,608,.329,414,559,.741,294,1031,299,145,90,478,527
156,Loyola (IL),31,10,21,.323,-4.45,0.65,,4,14,,6,8,,3,8,,2089,2247,,1255,757,1638,.462,220,658,.334,355,509,.697,233,960,428,175,94,464,601
157,Loyola (MD),33,13,20,.394,-11.99,-6.09,,7,11,,9,6,,3,13,,2222,2331,,1325,822,1821,.451,250,701,.357,328,509,.644,301,1035,459,247,78,446,517
158,Loyola Marymount,31,19,12,.613,5.54,4.88,,9,7,,13,3,,4,7,,2335,2265,,1255,832,1831,.454,289,792,.365,382,569,.671,328,1119,366,169,86,397,602
159,Maine,30,13,17,.433,-8.90,-4.68,,7,9,,8,4,,5,12,,2054,2091,,1215,784,1711,.458,198,595,.333,288,396,.727,232,924,415,284,62,371,446
160,Manhattan,30,12,18,.400,-9.90,-4.97,,10,10,,5,9,,6,7,,2016,2112,,1225,733,1682,.436,205,616,.333,343,520,.660,274,952,370,227,105,406,492
161,Marist,33,13,20,.394,-8.43,-5.67,,6,14,,5,10,,4,9,,2110,2201,,1325,745,1819,.410,253,771,.328,367,526,.698,294,1131,357,195,124,392,509
162,Marquette,32,26,6,.813,17.28,7.93,,17,3,,17,1,,8,4,,2583,2281,,1300,961,1954,.492,283,809,.350,378,529,.715,287,1018,575,311,102,352,521
163,Marshall,32,24,8,.750,7.38,-2.59,,13,5,,15,2,,9,5,,2616,2281,,1295,986,2120,.465,264,781,.338,380,548,.693,395,1247,561,288,169,372,526
164,Maryland,33,21,12,.636,15.11,7.90,,11,9,,16,1,,2,9,,2322,2084,,1325,820,1826,.449,226,684,.330,456,617,.739,324,1114,380,177,121,347,523
165,Maryland-Baltimore County,32,18,14,.563,-6.29,-7.03,,8,8,,13,4,,5,10,,2378,2328,,1285,869,1931,.450,257,754,.341,383,511,.750,297,1093,456,180,81,323,467
166,Maryland-Eastern Shore,30,18,12,.600,-7.51,-5.37,,9,5,,10,3,,7,9,,2107,1980,,1205,758,1752,.433,226,699,.323,365,510,.716,293,956,411,332,58,439,494
167,Massachusetts,31,15,16,.484,-1.22,0.43,,6,12,,8,6,,3,8,,2163,2214,,1240,775,1868,.415,182,555,.328,431,602,.716,404,1187,423,211,119,443,541
168,Massachusetts-Lowell,33,26,7,.788,0.54,-8.61,,11,5,,17,0,,9,8,,2594,2171,,1325,945,1942,.487,231,598,.386,473,640,.739,395,1271,475,233,161,453,554
169,McNeese State,34,11,23,.324,-13.17,-5.02,,6,12,,6,8,,5,15,,2352,2565,,1375,858,1991,.431,258,793,.325,378,571,.662,422,1198,385,246,61,499,655
170,Memphis,31,23,8,.742,14.43,6.64,,13,5,,13,2,,7,5,,2463,2251,,1255,893,1857,.481,181,526,.344,496,669,.741,323,1106,485,276,139,425,572
171,Mercer,33,14,19,.424,-5.00,-3.87,,6,12,,7,7,,4,10,,2268,2211,,1335,851,1885,.451,196,586,.334,370,536,.690,342,1144,422,185,71,385,592
172,Merrimack,34,18,16,.529,-11.56,-9.50,,12,4,,10,6,,8,8,,2128,2119,,1360,732,1745,.419,251,768,.327,413,599,.689,229,974,429,380,139,479,482
173,Miami (FL),32,25,7,.781,12.44,5.16,,15,5,,16,1,,7,4,,2541,2308,,1285,927,1908,.486,243,661,.368,444,572,.776,331,1106,478,235,105,363,461
174,Miami (OH),32,12,20,.375,-7.04,-2.00,,6,12,,9,9,,3,9,,2357,2385,,1285,830,1817,.457,250,736,.340,447,568,.787,287,1022,440,195,94,436,583
175,Michigan,32,17,15,.531,12.69,9.01,,11,9,,12,4,,3,7,,2339,2221,,1310,843,1886,.447,245,709,.346,408,580,.703,284,1170,390,154,151,327,497
176,Michigan State,30,19,11,.633,14.07,11.23,,11,8,,12,2,,5,7,,2119,2021,,1215,777,1718,.452,229,571,.401,336,440,.764,266,1071,451,139,84,329,497
177,Middle Tennessee,32,19,13,.594,2.63,1.76,,11,9,,12,2,,3,11,,2248,2168,,1290,833,1829,.455,223,652,.342,359,529,.679,351,1073,349,248,158,431,561
178,Milwaukee,32,21,11,.656,-4.49,-3.97,,14,6,,15,3,,6,7,,2507,2363,,1300,891,1936,.460,256,727,.352,469,641,.732,382,1251,453,224,179,486,575
179,Minnesota,31,9,22,.290,0.06,8.22,,2,17,,6,11,,1,9,,1949,2202,,1250,720,1664,.433,192,591,.325,317,512,.619,262,1017,454,143,124,401,482
180,Mississippi,33,12,21,.364,6.21,7.79,,3,15,,7,10,,2,9,,2227,2279,,1330,816,1933,.422,203,671,.303,392,564,.695,396,1180,432,235,123,402,525
181,Mississippi State,33,21,12,.636,12.05,7.14,,8,10,,12,4,,4,6,,2175,2013,,1340,792,1873,.423,172,646,.266,419,648,.647,422,1239,468,292,113,420,499
182,Mississippi Valley State,32,5,27,.156,-17.80,-4.08,,4,14,,4,6,,1,19,,1953,2392,,1290,683,1681,.406,162,464,.349,425,639,.665,316,1027,321,243,65,518,573
183,Missouri,31,23,8,.742,12.19,7.29,,11,7,,16,3,,5,5,,2483,2318,,1250,883,1853,.477,292,806,.362,425,562,.756,287,945,507,325,88,357,567
184,Missouri State,32,17,15,.531,0.84,-0.52,,12,8,,10,4,,5,8,,2098,2021,,1295,772,1776,.435,254,767,.331,300,479,.626,363,1124,374,199,140,393,497
185,Monmouth,33,7,26,.212,-15.63,-2.60,,5,13,,3,10,,3,15,,2036,2466,,1320,746,1856,.402,134,466,.288,410,615,.667,365,1088,395,278,83,476,635
186,Montana,31,17,14,.548,-0.81,-1.51,,10,7,,9,4,,6,9,,2147,2114,,1245,762,1650,.462,244,656,.372,379,481,.788,229,942,378,146,74,347,560
187,Montana State,34,25,9,.735,2.40,-1.69,,15,3,,12,1,,10,5,,2523,2265,,1370,854,1822,.469,210,621,.338,605,797,.759,283,1127,424,221,101,399,628
188,Morehead State,32,21,11,.656,-7.61,-5.93,,14,4,,14,2,,7,8,,2247,2125,,1285,779,1767,.441,236,664,.355,453,630,.719,310,1142,442,185,126,389,507
189,Morgan State,31,15,16,.484,-11.46,-5.98,,8,7,,10,2,,3,12,,2323,2242,,1255,863,1911,.452,206,559,.369,391,568,.688,362,1074,479,303,138,500,647
190,Mount St. Mary's,33,13,20,.394,-8.02,-3.86,,8,12,,5,9,,7,10,,2101,2212,,1330,771,1818,.424,220,622,.354,339,463,.732,308,1110,410,182,82,450,540
191,Murray State,32,17,15,.531,-4.00,-1.16,,11,9,,11,2,,3,11,,2254,2305,,1296,805,1824,.441,197,593,.332,447,607,.736,301,1111,391,174,83,349,467
192,Navy,31,18,13,.581,-2.79,-6.13,,11,7,,9,6,,9,7,,2152,2013,,1250,808,1781,.454,240,647,.371,296,419,.706,310,1068,459,215,85,355,494
193,NC State,33,23,10,.697,12.63,5.23,,12,8,,15,2,,4,6,,2580,2336,,1325,958,2117,.453,278,796,.349,386,536,.720,376,1209,431,262,151,314,574
194,Nebraska,32,16,16,.500,7.40,9.30,,9,11,,11,4,,4,9,,2175,2236,,1300,819,1790,.458,214,657,.326,323,504,.641,264,1105,418,177,79,406,452
195,Nevada,32,22,10,.688,11.36,6.84,,12,6,,14,1,,6,7,,2324,2140,,1305,774,1742,.444,227,657,.346,549,694,.791,240,1076,455,194,100,328,574
196,Nevada-Las Vegas,32,19,13,.594,7.87,5.84,,7,11,,10,7,,5,6,,2376,2241,,1305,819,1895,.432,262,751,.349,476,658,.723,335,1081,411,291,122,394,547
197,New Hampshire,30,15,15,.500,-9.09,-5.73,,9,7,,11,4,,4,11,,1992,2011,,1210,696,1749,.398,248,725,.342,352,508,.693,307,1071,350,161,76,297,452
198,New Mexico,33,22,11,.667,11.93,5.72,,8,10,,15,4,,5,6,,2680,2442,,1335,955,1974,.484,189,531,.356,581,781,.744,323,1222,452,221,129,373,562
199,New Mexico State,24,9,15,.375,-1.27,2.73,,2,10,,6,4,,1,9,,1769,1720,,960,631,1426,.442,181,534,.339,326,479,.681,246,852,291,176,55,305,453
200,New Orleans,32,12,20,.375,-13.83,-6.96,,7,11,,6,9,,4,10,,2340,2536,,1286,833,1785,.467,196,519,.378,478,674,.709,309,1032,466,215,70,547,619
201,Niagara,31,16,15,.516,-6.66,-4.46,,10,10,,9,4,,4,10,,2016,2044,,1250,736,1642,.448,196,570,.344,348,481,.723,250,944,339,165,71,365,499
202,Nicholls State,31,16,15,.516,-8.05,-5.19,,12,7,,11,3,,5,11,,2344,2253,,1240,882,1935,.456,238,698,.341,342,530,.645,357,1075,431,302,93,420,639
203,NJIT,30,7,23,.233,-12.64,-5.67,,4,12,,5,8,,2,15,,2008,2182,,1220,744,1734,.429,196,562,.349,324,488,.664,261,1022,336,160,85,334,471
204,Norfolk State,32,22,10,.688,-3.44,-6.33,,9,5,,10,2,,6,8,,2437,2199,,1292,854,1796,.476,222,651,.341,507,680,.746,349,1154,416,225,119,428,576
205,North Alabama,32,18,14,.563,-8.27,-4.16,,10,8,,9,4,,8,10,,2396,2380,,1295,872,1882,.463,245,658,.372,407,572,.712,271,1098,372,187,96,357,536
206,North Carolina,33,20,13,.606,13.03,7.76,,11,9,,12,3,,4,7,,2514,2340,,1345,866,1997,.434,234,751,.312,548,739,.742,369,1304,397,177,128,355,555
207,North Carolina A&T,32,13,19,.406,-11.21,-3.76,,8,10,,8,5,,4,10,,2264,2362,,1290,806,1931,.417,261,785,.332,391,574,.681,300,1136,375,240,98,385,547
208,North Carolina Central,30,18,12,.600,-2.77,-5.96,,10,4,,13,1,,4,10,,2268,1977,,1220,815,1737,.469,221,614,.360,417,594,.702,328,1073,439,239,97,459,575
209,North Dakota,33,13,20,.394,-7.11,-2.60,,6,12,,8,8,,4,11,,2380,2438,,1330,858,1945,.441,304,868,.350,360,527,.683,304,1101,394,146,88,378,522
210,North Dakota State,33,16,17,.485,-4.02,-1.57,,11,7,,9,4,,5,10,,2404,2414,,1320,866,1904,.455,247,735,.336,425,597,.712,281,1191,370,130,98,379,509
211,North Florida,31,14,17,.452,-6.60,-2.39,,9,9,,11,2,,3,14,,2363,2405,,1260,837,1838,.455,323,881,.367,366,509,.719,279,1058,405,154,120,378,435
212,North Texas,32,26,6,.813,9.49,1.62,,16,4,,12,2,,9,3,,2050,1763,,1295,712,1627,.438,232,659,.352,394,526,.749,347,1076,358,204,92,382,523
213,Northeastern,30,10,20,.333,-10.36,-4.00,,6,12,,6,6,,3,12,,1959,2150,,1210,712,1704,.418,211,635,.332,324,473,.685,331,1081,377,149,123,432,500
214,Northern Arizona,35,12,23,.343,-3.68,-0.01,,5,13,,6,8,,3,13,,2581,2615,,1420,930,2123,.438,295,815,.362,426,576,.740,354,1189,484,185,53,378,649
215,Northern Colorado,32,12,20,.375,-4.22,-0.22,,6,12,,6,7,,3,12,,2355,2480,,1290,826,1843,.448,265,741,.358,438,588,.745,263,1068,363,147,54,382,596
216,Northern Illinois,32,13,19,.406,-6.17,-2.27,,9,9,,5,7,,7,10,,2304,2401,,1285,837,1816,.461,236,678,.348,394,604,.652,279,1060,402,207,74,458,617
217,Northern Iowa,32,14,18,.438,-2.19,-0.58,,9,11,,8,8,,4,7,,2244,2238,,1290,810,1788,.453,238,699,.340,386,554,.697,244,1050,372,204,45,385,498
218,Northern Kentucky,34,22,12,.647,-0.96,-3.43,,14,6,,14,3,,6,6,,2320,2161,,1385,832,1928,.432,278,794,.350,378,546,.692,376,1103,461,320,88,388,523
219,Northwestern,31,21,10,.677,13.60,8.41,,12,8,,13,5,,7,4,,2100,1932,,1245,732,1790,.409,239,740,.323,397,530,.749,315,1070,402,247,130,308,496
220,Northwestern State,33,22,11,.667,-4.31,-6.62,,13,5,,10,3,,10,7,,2463,2378,,1330,900,2024,.445,278,770,.361,385,547,.704,400,1114,415,273,79,393,605
221,Notre Dame,32,11,21,.344,2.12,4.62,,3,17,,11,8,,0,10,,2227,2307,,1285,810,1830,.443,282,787,.358,325,426,.763,210,994,379,150,87,281,456
222,Oakland,32,13,19,.406,-7.76,-2.60,,11,9,,8,6,,5,10,,2347,2442,,1305,823,1892,.435,232,753,.308,469,604,.776,268,977,384,239,84,339,448
223,Ohio,32,19,13,.594,1.47,-2.28,,10,8,,14,1,,4,11,,2527,2331,,1285,918,1993,.461,285,761,.375,406,557,.729,379,1196,406,213,71,353,566
224,Ohio State,33,15,18,.455,13.27,9.73,,5,15,,10,6,,1,10,,2404,2276,,1330,901,1944,.463,219,607,.361,383,516,.742,356,1197,382,175,121,361,532
225,Oklahoma,32,15,17,.469,11.97,11.84,,5,13,,9,7,,2,8,,2165,2161,,1290,782,1707,.458,224,638,.351,377,513,.735,232,1049,417,183,97,428,518
226,Oklahoma State,33,18,15,.545,13.52,11.16,,8,10,,11,5,,4,7,,2259,2181,,1325,803,1860,.432,228,732,.311,425,612,.694,363,1214,414,188,161,468,570
227,Old Dominion,31,19,12,.613,-0.20,-0.43,,11,7,,12,4,,6,5,,2073,2052,,1245,735,1760,.418,164,523,.314,439,646,.680,375,1175,328,197,117,348,519
228,Omaha,32,9,23,.281,-10.36,-1.39,,4,14,,5,7,,1,15,,2192,2438,,1285,797,1805,.442,183,540,.339,415,535,.776,259,1037,380,172,92,400,584
229,Oral Roberts,34,30,4,.882,9.61,-2.92,,18,0,,16,0,,11,4,,2864,2384,,1360,1039,2168,.479,367,995,.369,419,540,.776,302,1256,504,234,183,320,445
230,Oregon,33,19,14,.576,13.61,10.00,,12,8,,13,5,,4,6,,2332,2213,,1325,842,1874,.449,233,731,.319,415,585,.709,365,1223,435,187,158,401,487
231,Oregon State,32,11,21,.344,0.52,7.04,,5,15,,10,7,,1,10,,1959,2144,,1280,676,1647,.410,192,605,.317,415,551,.753,254,996,326,172,98,429,570
232,Pacific,33,15,18,.455,-0.03,2.58,,7,9,,7,10,,7,7,,2502,2565,,1330,868,1920,.452,297,761,.390,469,651,.720,267,1044,419,179,85,389,628
233,Penn State,32,20,12,.625,12.68,8.59,,10,10,,13,4,,4,7,,2322,2189,,1300,860,1836,.468,342,879,.389,260,357,.728,189,1030,457,145,73,282,494
234,Pennsylvania,29,17,12,.586,0.68,-1.29,,9,5,,11,4,,6,9,,2179,2083,,1180,785,1688,.465,236,660,.358,373,502,.743,294,1094,429,159,91,373,522
235,Pepperdine,31,9,22,.290,0.41,5.24,,2,14,,8,8,,0,12,,2417,2520,,1260,898,1930,.465,253,699,.362,368,518,.710,286,1109,469,168,117,436,548
236,Pittsburgh,33,22,11,.667,9.94,4.30,,14,6,,14,3,,7,5,,2512,2326,,1320,868,1916,.453,304,845,.360,472,620,.761,341,1193,475,170,134,369,536
237,Portland,33,14,19,.424,2.17,4.62,,5,11,,10,7,,2,10,,2566,2594,,1330,836,1837,.455,317,845,.375,577,774,.745,268,1082,488,164,75,420,579
238,Portland State,31,12,19,.387,-4.80,-0.21,,6,11,,6,7,,5,9,,2363,2340,,1240,835,1865,.448,234,688,.340,459,631,.727,289,974,431,220,105,375,700
239,Prairie View,33,13,20,.394,-8.77,-6.45,,9,10,,9,4,,4,14,,2226,2256,,1345,791,1971,.401,194,647,.300,450,652,.690,390,1170,359,245,121,451,624
240,Presbyterian,32,5,27,.156,-13.58,-5.04,,1,17,,5,9,,0,15,,2021,2223,,1294,718,1709,.420,191,616,.310,394,630,.625,336,1048,344,176,98,430,617
241,Princeton,27,19,8,.704,2.63,-3.33,,10,4,,11,3,,7,4,,2053,1853,,1095,733,1596,.459,229,670,.342,358,503,.712,269,1062,368,139,89,346,441
242,Providence,32,21,11,.656,12.88,6.10,,13,7,,15,2,,6,6,,2499,2282,,1305,880,1917,.459,213,606,.351,526,706,.745,392,1226,470,221,146,377,479
243,Purdue,31,26,5,.839,19.55,8.94,,15,5,,14,2,,8,3,,2268,1937,,1245,791,1716,.461,214,654,.327,472,632,.747,379,1201,475,153,118,347,420
244,Purdue-Fort Wayne,32,17,15,.531,-5.18,-4.68,,9,11,,9,6,,7,8,,2364,2234,,1286,836,1906,.439,308,891,.346,384,545,.705,318,1139,418,235,74,421,467
245,Queens (NC),33,18,15,.545,-4.26,-4.36,,7,11,,8,5,,7,10,,2564,2463,,1320,878,1977,.444,305,873,.349,503,698,.721,371,1232,456,204,72,411,531
246,Quinnipiac,32,20,12,.625,-2.39,-5.17,,11,9,,9,4,,9,6,,2335,2231,,1295,826,1908,.433,263,725,.363,420,630,.667,365,1197,419,196,82,404,525
247,Radford,33,19,14,.576,-2.45,-4.49,,12,6,,10,3,,7,10,,2301,2142,,1320,849,1841,.461,220,610,.361,383,555,.690,336,1103,390,235,97,392,561
248,Rhode Island,31,9,22,.290,-3.98,0.67,,5,13,,7,9,,1,10,,2046,2190,,1255,696,1765,.394,168,553,.304,486,653,.744,363,1148,347,199,119,437,557
249,Rice,33,18,15,.545,-2.73,0.97,,8,12,,11,7,,6,7,,2530,2521,,1340,895,1914,.468,296,829,.357,444,602,.738,265,1145,508,190,81,434,509
250,Richmond,33,15,18,.455,1.60,0.51,,7,11,,12,4,,1,11,,2273,2237,,1340,786,1791,.439,261,790,.330,440,591,.745,226,1067,402,189,78,380,499
251,Rider,30,16,14,.533,-3.39,-4.81,,13,7,,8,5,,8,6,,2105,2027,,1215,793,1746,.454,150,449,.334,369,502,.735,339,1085,341,161,67,345,548
252,Robert Morris,33,16,17,.485,-5.58,-5.32,,10,10,,11,4,,5,10,,2287,2205,,1325,844,1904,.443,235,703,.334,364,505,.721,337,1145,457,220,135,432,533
253,Rutgers,32,19,13,.594,15.08,7.54,,10,10,,14,5,,4,7,,2175,1921,,1285,807,1881,.429,181,569,.318,380,541,.702,368,1193,479,281,125,370,503
254,Sacramento State,32,14,18,.438,-4.28,-1.25,,7,11,,9,4,,5,10,,2114,2169,,1305,778,1751,.444,217,629,.345,341,489,.697,348,1141,436,143,85,427,497
255,Sacred Heart,33,16,17,.485,-13.18,-11.31,,8,8,,9,6,,7,11,,2332,2351,,1330,864,2002,.432,229,731,.313,375,553,.678,349,1180,444,259,108,438,502
256,Saint Francis (PA),31,13,18,.419,-13.90,-9.76,,9,7,,10,5,,3,13,,2263,2286,,1245,813,1760,.462,240,633,.379,397,564,.704,265,1037,430,137,64,391,510
257,Saint Joseph's,33,16,17,.485,-0.19,-0.16,,8,10,,10,6,,4,7,,2388,2389,,1330,818,1920,.426,290,882,.329,462,657,.703,342,1142,399,216,107,421,578
258,Saint Louis,32,21,11,.656,6.31,3.12,,12,6,,15,3,,4,7,,2415,2258,,1280,892,1911,.467,221,625,.354,410,558,.735,327,1224,529,161,124,384,539
259,Saint Mary's (CA),33,26,7,.788,18.12,7.15,,14,2,,16,2,,6,2,,2355,1984,,1335,849,1854,.458,256,689,.372,401,579,.693,357,1177,414,225,115,352,547
260,Saint Peter's,32,14,18,.438,-9.90,-5.25,,7,13,,8,6,,4,11,,1986,2083,,1290,716,1830,.391,190,648,.293,364,528,.689,433,1119,336,200,102,393,681
261,Sam Houston State,32,25,7,.781,7.93,0.79,,14,4,,12,1,,10,5,,2341,1884,,1290,848,1849,.459,265,689,.385,380,558,.681,372,1188,441,270,70,423,580
262,Samford,32,21,11,.656,0.67,-4.18,,15,3,,13,3,,8,7,,2519,2290,,1300,832,1833,.454,290,822,.353,565,756,.747,319,1137,374,260,83,405,598
263,San Diego,31,11,20,.355,-1.58,3.77,,4,12,,8,9,,3,8,,2391,2495,,1250,849,1882,.451,244,691,.353,449,587,.765,314,1027,398,207,55,355,547
264,San Diego State,32,26,6,.813,15.98,8.45,,15,3,,15,1,,8,2,,2316,2042,,1290,818,1823,.449,235,652,.360,445,609,.731,339,1136,435,229,119,381,519
265,San Francisco,34,20,14,.588,6.55,4.19,,7,9,,11,5,,5,6,,2591,2496,,1370,883,1975,.447,349,966,.361,476,635,.750,326,1173,436,230,85,469,629
266,San Jose State,33,20,13,.606,5.96,5.74,,10,8,,12,3,,5,8,,2228,2199,,1335,820,1876,.437,251,771,.326,337,501,.673,394,1250,408,133,138,395,514
267,Santa Clara,32,23,9,.719,9.20,5.52,,11,5,,14,4,,6,3,,2482,2355,,1295,898,1973,.455,268,725,.370,418,594,.704,341,1229,448,192,122,397,507
268,Seattle,32,20,12,.625,1.17,0.94,,11,7,,12,2,,7,7,,2303,2209,,1285,786,1953,.402,275,870,.316,456,635,.718,359,1186,381,196,99,382,581
269,Seton Hall,32,17,15,.531,11.00,8.39,,10,10,,10,6,,6,6,,2192,2084,,1280,762,1725,.442,186,567,.328,482,708,.681,340,1121,389,267,142,448,570
270,Siena,32,17,15,.531,-3.36,-4.74,,11,9,,8,5,,7,8,,2195,2151,,1295,766,1769,.433,213,611,.349,450,611,.736,323,1098,409,182,135,420,547
271,South Alabama,35,19,16,.543,3.81,-0.25,,9,9,,10,4,,4,10,,2483,2282,,1405,955,2036,.469,266,770,.345,307,447,.687,242,1143,399,212,151,342,512
272,South Carolina,32,11,21,.344,-1.88,6.41,,4,14,,7,8,,4,8,,2059,2324,,1300,744,1846,.403,244,755,.323,327,495,.661,378,1091,355,157,84,421,512
273,South Carolina State,31,5,26,.161,-16.56,-3.96,,2,12,,4,6,,1,19,,2274,2599,,1250,838,1980,.423,213,671,.317,385,575,.670,429,1097,435,224,100,486,637
274,South Carolina Upstate,31,16,15,.516,-7.64,-4.05,,10,8,,11,2,,4,12,,2136,2158,,1245,782,1704,.459,204,597,.342,368,561,.656,256,976,369,229,137,414,626
275,South Dakota,31,12,19,.387,-9.41,-2.86,,7,11,,8,6,,2,11,,2149,2282,,1240,755,1750,.431,275,706,.390,364,476,.765,267,1041,385,138,48,360,540
276,South Dakota State,32,19,13,.594,-1.34,-1.60,,13,5,,10,2,,6,9,,2270,2233,,1290,812,1805,.450,246,700,.351,400,505,.792,223,1040,341,166,92,371,456
277,South Florida,32,14,18,.438,2.15,2.15,,7,11,,9,9,,4,7,,2303,2303,,1285,844,1894,.446,236,703,.336,379,582,.651,381,1197,429,207,98,437,568
278,Southeast Missouri State,35,19,16,.543,-7.19,-6.70,,10,8,,9,4,,5,11,,2718,2659,,1425,931,2134,.436,278,849,.327,578,808,.715,341,1232,480,240,113,459,736
279,Southeastern Louisiana,32,18,14,.563,-7.64,-6.36,,12,6,,10,4,,7,8,,2483,2432,,1305,889,1942,.458,248,672,.369,457,616,.742,329,1107,453,233,58,390,557
280,Southern,32,15,17,.469,-8.18,-6.11,,11,7,,9,2,,5,12,,2300,2280,,1290,804,1872,.429,244,737,.331,448,627,.715,281,1037,451,278,75,468,639
281,Southern California,32,22,10,.688,13.76,8.23,,14,6,,15,2,,5,5,,2329,2152,,1285,831,1820,.457,207,600,.345,458,616,.744,302,1128,430,225,165,399,550
282,Southern Illinois,33,23,10,.697,1.64,-1.64,,14,6,,13,2,,8,6,,2168,2026,,1325,769,1716,.448,259,795,.326,371,513,.723,228,1040,459,238,70,414,539
283,SIU Edwardsville,33,19,14,.576,-6.29,-7.35,,9,9,,9,5,,7,8,,2463,2353,,1320,834,1917,.435,236,718,.329,559,767,.729,372,1222,407,228,141,421,576
284,Southern Indiana,32,16,16,.500,-8.26,-7.33,,9,9,,10,4,,5,11,,2448,2370,,1295,849,1947,.436,314,832,.377,436,642,.679,396,1247,414,233,76,431,587
285,Southern Methodist,32,10,22,.313,0.34,5.66,,5,13,,7,9,,1,11,,2248,2418,,1300,810,1919,.422,201,646,.311,427,634,.674,335,1118,436,226,108,413,556
286,Southern Mississippi,32,25,7,.781,4.26,-1.74,,14,4,,15,0,,8,6,,2376,2094,,1280,859,1876,.458,222,682,.326,436,613,.711,355,1171,468,267,85,379,530
287,Southern Utah,34,22,12,.647,3.80,2.20,,12,6,,13,2,,5,8,,2805,2527,,1380,969,2078,.466,277,799,.347,590,808,.730,361,1290,442,251,112,447,637
288,St. Bonaventure,32,14,18,.438,-1.09,-0.19,,8,10,,11,4,,2,11,,2136,2165,,1290,769,1794,.429,226,650,.348,372,529,.703,301,1048,380,224,108,405,596
289,St. Francis (NY),30,14,16,.467,-17.02,-11.70,,7,9,,10,5,,4,11,,1946,2034,,1205,688,1701,.404,204,577,.354,366,524,.698,342,1016,369,223,144,414,460
290,St. John's (NY),33,18,15,.545,8.58,6.43,,7,13,,12,6,,3,9,,2552,2481,,1340,970,2159,.449,193,583,.331,419,599,.699,433,1324,500,272,123,462,535
291,St. Thomas,33,19,14,.576,-2.69,-4.23,,9,9,,12,2,,4,11,,2447,2316,,1320,847,1895,.447,297,844,.352,456,581,.785,272,1052,426,196,77,327,574
292,Stanford,33,14,19,.424,10.05,8.08,,7,13,,9,6,,2,8,,2321,2256,,1320,838,1853,.452,267,736,.363,378,545,.694,342,1137,490,188,106,413,557
293,Stephen F. Austin,32,19,13,.594,0.95,-0.47,,11,7,,12,4,,6,5,,2427,2238,,1305,867,1834,.473,203,532,.382,490,684,.716,342,1102,482,284,83,493,685
294,Stetson,30,17,13,.567,-2.56,-2.56,,12,6,,9,3,,7,9,,2298,2200,,1225,829,1783,.465,303,778,.389,337,436,.773,299,1028,418,153,96,314,461
295,Stonehill,31,14,17,.452,-13.25,-8.98,,10,6,,7,4,,6,12,,2076,2157,,1255,720,1633,.441,239,677,.353,397,524,.758,194,963,380,219,88,417,468
296,Stony Brook,33,11,22,.333,-12.41,-4.08,,6,12,,7,7,,3,13,,2083,2279,,1325,726,1756,.413,256,794,.322,375,504,.744,252,1119,389,144,83,413,499
297,Syracuse,32,17,15,.531,5.39,4.18,,10,10,,11,7,,5,6,,2372,2333,,1290,871,1883,.463,198,547,.362,432,577,.749,324,1113,459,241,161,373,427
298,Tarleton State,33,17,16,.515,-0.42,2.07,,8,9,,12,2,,2,12,,2376,2236,,1325,823,1814,.454,158,467,.338,572,817,.700,314,1048,427,321,93,409,677
299,TCU,33,21,12,.636,16.26,8.98,,9,9,,13,4,,3,7,,2481,2241,,1325,913,1999,.457,180,588,.306,475,678,.701,378,1180,535,272,156,402,534
300,Temple,31,16,15,.516,4.96,5.59,,10,8,,9,7,,6,6,,2173,2163,,1265,734,1713,.428,249,749,.332,456,601,.759,298,1086,432,154,123,419,528
301,Tennessee,32,23,9,.719,21.91,8.15,,11,7,,14,2,,4,6,,2298,1836,,1285,818,1875,.436,247,754,.328,415,583,.712,420,1245,544,269,119,384,537
302,Tennessee State,32,18,14,.563,-8.83,-8.76,,10,8,,13,4,,4,8,,2499,2401,,1281,868,1935,.449,281,804,.350,482,694,.695,336,1164,427,187,105,403,654
303,Tennessee Tech,33,16,17,.485,-9.22,-6.18,,11,7,,11,5,,4,11,,2432,2421,,1355,860,1967,.437,302,829,.364,410,570,.719,310,1159,476,207,80,416,527
304,Tennessee-Martin,33,19,14,.576,-8.49,-7.73,,10,8,,14,2,,4,11,,2658,2489,,1335,945,2058,.459,255,771,.331,513,711,.722,346,1293,450,249,114,394,603
305,Texas,33,25,8,.758,21.31,10.87,,12,6,,17,1,,4,6,,2571,2236,,1335,928,1987,.467,239,700,.341,476,634,.751,322,1131,532,268,125,388,590
306,Texas A&M,32,24,8,.750,15.10,7.28,,15,3,,15,1,,7,4,,2340,2094,,1280,765,1757,.435,192,598,.321,618,811,.762,393,1185,404,219,77,395,586
307,Texas A&M-Commerce,33,13,20,.394,-10.60,-7.26,,10,10,,7,7,,7,12,,2362,2421,,1345,859,1890,.454,278,868,.320,366,522,.701,303,1063,474,191,101,423,618
308,Texas A&M-Corpus Christi,33,23,10,.697,-2.31,-7.66,,14,4,,14,2,,7,7,,2653,2394,,1330,923,2020,.457,257,698,.368,550,696,.790,393,1217,518,289,56,428,629
309,Texas Southern,32,12,20,.375,-9.45,-4.48,,7,11,,7,6,,3,13,,2226,2315,,1310,828,1923,.431,152,543,.280,418,638,.655,361,1197,376,213,107,468,590
310,Texas State,35,16,19,.457,-2.06,-0.43,,6,12,,4,10,,7,7,,2309,2334,,1400,848,1918,.442,154,501,.307,459,630,.729,359,1143,346,220,124,411,630
311,Texas Tech,32,16,16,.500,13.11,8.77,,5,13,,11,6,,3,7,,2347,2208,,1290,831,1810,.459,230,666,.345,455,630,.722,334,1125,413,234,93,441,494
312,Texas-Rio Grande Valley,32,15,17,.469,-6.17,-0.25,,5,12,,12,6,,3,10,,2518,2502,,1290,868,1852,.469,222,655,.339,560,802,.698,345,1211,505,151,104,514,641
313,The Citadel,32,10,22,.313,-11.97,-3.61,,5,13,,5,9,,4,11,,2158,2374,,1280,771,1786,.432,228,702,.325,388,514,.755,234,1015,365,176,85,393,539
314,Toledo,33,27,6,.818,6.51,-2.35,,16,2,,13,1,,10,3,,2842,2518,,1320,1005,2014,.499,285,707,.403,547,709,.772,334,1138,505,230,96,330,535
315,Towson,33,21,12,.636,0.29,-4.74,,12,6,,10,2,,8,7,,2368,2202,,1335,860,1922,.447,243,663,.367,405,572,.708,407,1232,461,205,113,404,538
316,Troy,33,20,13,.606,1.64,-0.99,,11,7,,11,3,,7,8,,2414,2204,,1330,858,1945,.441,255,798,.320,443,632,.701,362,1151,447,288,86,424,559
317,Tulane,30,20,10,.667,5.83,3.05,,12,6,,12,3,,5,4,,2424,2298,,1220,844,1807,.467,236,686,.344,500,640,.781,197,996,477,255,121,336,495
318,Tulsa,30,5,25,.167,-8.04,4.10,,1,17,,4,10,,0,12,,1959,2323,,1210,715,1733,.413,230,735,.313,299,463,.646,271,958,348,164,45,397,464
319,UAB,33,24,9,.727,9.79,1.11,,14,6,,15,2,,6,5,,2721,2354,,1360,962,2091,.460,243,663,.367,554,756,.733,451,1349,496,275,147,430,581
320,UC Davis,32,18,14,.563,0.14,-1.29,,11,8,,10,4,,5,9,,2392,2274,,1295,809,1820,.445,214,630,.340,560,790,.709,377,1186,389,227,90,471,600
321,UC Irvine,34,23,11,.676,5.11,-0.61,,15,5,,11,4,,9,6,,2559,2268,,1365,945,2002,.472,243,633,.384,426,592,.720,321,1252,506,236,82,420,644
322,UC Riverside,34,22,12,.647,1.18,0.12,,14,6,,9,4,,9,7,,2463,2352,,1380,906,2047,.443,284,784,.362,367,526,.698,390,1251,450,175,61,417,629
323,UC San Diego,30,10,20,.333,-6.47,-0.29,,5,13,,4,10,,6,9,,2057,2189,,1230,740,1720,.430,228,695,.328,349,472,.739,249,1004,359,174,67,362,482
324,UC Santa Barbara,34,27,7,.794,3.91,-2.16,,15,5,,12,3,,10,4,,2454,2231,,1365,901,1826,.493,190,539,.353,462,635,.728,275,1090,483,219,86,383,547
325,UCLA,34,29,5,.853,22.60,8.99,,18,2,,17,0,,9,2,,2513,2050,,1360,949,2071,.458,209,602,.347,406,562,.722,394,1213,483,287,131,349,533
326,UNC Asheville,34,27,7,.794,-1.48,-5.33,,16,2,,13,0,,10,6,,2551,2332,,1380,878,1839,.477,268,687,.390,527,759,.694,287,1194,437,216,136,480,527
327,UNC Greensboro,32,20,12,.625,1.72,-2.85,,14,4,,11,3,,8,6,,2306,2064,,1291,816,1831,.446,254,718,.354,420,587,.716,330,1180,465,228,83,376,535
328,UNC Wilmington,34,24,10,.706,-1.19,-3.07,,12,6,,11,3,,8,6,,2343,2187,,1375,813,1832,.444,209,624,.335,508,697,.729,324,1130,365,230,95,408,624
329,UT Arlington,32,11,21,.344,-4.76,2.35,,6,12,,6,8,,4,9,,2125,2190,,1285,772,1863,.414,207,643,.322,374,570,.656,407,1148,432,204,96,443,619
330,Utah,32,17,15,.531,11.89,5.99,,10,10,,13,5,,4,7,,2197,2043,,1285,791,1852,.427,232,698,.332,383,541,.708,357,1254,462,161,126,384,487
331,Utah State,32,25,7,.781,15.26,7.29,,13,5,,14,2,,6,4,,2542,2246,,1285,875,1802,.486,308,763,.404,484,630,.768,273,1131,546,165,106,387,537
332,Utah Tech,33,14,19,.424,0.16,1.33,,5,13,,9,5,,3,13,,2495,2420,,1330,828,1802,.459,285,749,.381,554,787,.704,321,1125,434,219,74,497,647
333,Utah Valley,33,25,8,.758,7.28,0.91,,15,3,,13,1,,10,5,,2539,2244,,1335,899,1940,.463,216,656,.329,525,709,.740,336,1315,531,218,225,455,591
334,UTEP,32,14,18,.438,-1.02,1.54,,7,13,,11,7,,3,10,,2192,2192,,1315,796,1776,.448,158,537,.294,442,699,.632,373,1122,385,288,85,505,576
335,UTSA,32,10,22,.313,-8.02,0.88,,4,16,,8,10,,2,11,,2217,2450,,1291,749,1826,.410,235,703,.334,484,659,.734,341,1132,334,137,81,439,563
336,Valparaiso,32,11,21,.344,-8.26,-2.30,,5,15,,8,7,,2,12,,2206,2355,,1310,814,1852,.440,198,668,.296,380,522,.728,251,1087,436,187,83,406,530
337,Vanderbilt,33,20,13,.606,9.29,8.88,,11,7,,12,5,,5,6,,2390,2364,,1333,830,1950,.426,280,823,.340,450,631,.713,378,1209,388,161,152,351,540
338,Vermont,32,22,10,.688,1.77,-3.67,,14,2,,13,1,,9,6,,2338,2139,,1297,854,1794,.476,275,762,.361,355,509,.697,210,1004,437,190,90,302,472
339,Villanova,32,17,15,.531,10.79,8.67,,10,10,,10,4,,5,8,,2250,2168,,1285,763,1733,.440,285,831,.343,439,531,.827,226,1009,361,178,54,323,507
340,Virginia,31,25,6,.806,13.69,6.13,,15,5,,15,1,,6,5,,2121,1869,,1245,753,1663,.453,214,600,.357,401,574,.699,257,995,497,215,131,262,440
341,Virginia Commonwealth,32,25,7,.781,9.84,1.41,,15,3,,15,3,,8,3,,2271,2005,,1280,788,1705,.462,190,560,.339,505,718,.703,293,1062,413,290,146,436,523
342,VMI,32,7,25,.219,-16.12,-3.44,,2,16,,6,8,,1,14,,2220,2457,,1290,800,1923,.416,309,880,.351,311,406,.766,349,1131,365,172,37,411,484
343,Virginia Tech,33,19,14,.576,9.58,5.13,,8,12,,13,4,,2,9,,2449,2302,,1325,901,1917,.470,275,760,.362,372,506,.735,281,1102,513,174,106,328,511
344,Wagner,28,15,13,.536,-12.24,-11.27,,8,8,,8,4,,7,9,,1766,1727,,1130,655,1627,.403,181,583,.310,275,403,.682,360,1005,339,189,49,335,540
345,Wake Forest,33,19,14,.576,8.24,5.43,,10,10,,13,3,,4,8,,2528,2435,,1330,878,1909,.460,315,866,.364,457,613,.746,275,1129,444,199,90,399,528
346,Washington,32,16,16,.500,7.30,8.45,,8,12,,12,6,,2,9,,2213,2250,,1300,786,1823,.431,209,668,.313,432,577,.749,286,1083,368,220,165,448,529
347,Washington State,33,17,16,.515,11.41,8.50,,11,9,,10,3,,5,8,,2250,2154,,1325,789,1859,.424,296,802,.369,376,524,.718,361,1154,391,157,90,397,527
348,Weber State,33,18,15,.545,-2.61,-0.99,,12,6,,8,4,,8,8,,2219,2229,,1345,779,1727,.451,218,647,.337,443,578,.766,218,1032,351,200,47,422,580
349,West Virginia,33,19,14,.576,16.53,11.26,,7,11,,13,4,,3,8,,2518,2344,,1325,860,1897,.453,240,689,.348,558,753,.741,367,1117,435,221,102,428,608
350,Western Carolina,33,18,15,.545,-6.20,-4.17,,10,8,,9,5,,6,9,,2457,2340,,1345,846,1962,.431,286,829,.345,479,667,.718,330,1224,419,179,86,355,571
351,Western Illinois,30,16,14,.533,-7.13,-4.28,,9,9,,11,4,,5,9,,2191,2171,,1205,795,1755,.453,209,652,.321,392,560,.700,284,1034,410,174,107,322,434
352,Western Kentucky,33,17,16,.515,-1.17,0.74,,8,12,,9,5,,5,9,,2355,2330,,1330,839,1907,.440,249,695,.358,428,601,.712,300,1152,416,204,173,383,489
353,Western Michigan,31,8,23,.258,-10.16,-1.95,,4,14,,7,7,,1,15,,2166,2295,,1240,786,1820,.432,250,757,.330,344,482,.714,379,1146,396,143,68,395,522
354,Wichita State,32,17,15,.531,6.21,3.68,,9,9,,8,8,,7,4,,2272,2191,,1300,827,1839,.450,212,685,.309,406,567,.716,312,1163,426,203,129,401,478
355,William & Mary,33,13,20,.394,-10.97,-4.17,,7,11,,11,5,,1,14,,2219,2320,,1325,791,1829,.432,256,698,.367,381,559,.682,330,1095,401,199,67,398,533
356,Winthrop,32,15,17,.469,-6.58,-3.55,,10,8,,10,4,,4,11,,2360,2382,,1285,787,1671,.471,283,757,.374,503,681,.739,260,993,366,164,98,447,538
357,Wisconsin,31,17,14,.548,10.68,9.56,,9,11,,9,6,,5,6,,2013,1978,,1270,737,1778,.415,252,720,.350,287,428,.671,245,968,361,189,45,270,496
358,Wofford,33,17,16,.515,-4.83,-3.13,,8,10,,12,4,,4,11,,2466,2392,,1340,906,1916,.473,247,748,.330,407,552,.737,312,1088,412,188,68,361,468
359,Wright State,33,18,15,.545,-2.10,-5.65,,10,10,,9,6,,7,8,,2637,2432,,1350,1031,2077,.496,205,574,.357,370,502,.737,304,1212,495,207,99,419,514
360,Wyoming,31,9,22,.290,2.64,6.74,,4,14,,7,8,,1,8,,2144,2234,,1245,740,1680,.440,268,768,.349,396,557,.711,246,994,345,151,79,371,488
361,Xavier,33,25,8,.758,16.42,9.07,,15,5,,15,2,,7,4,,2717,2453,,1325,1006,2016,.499,252,630,.400,453,629,.720,345,1234,642,220,106,416,526
362,Yale,27,20,7,.741,8.42,-2.43,,10,4,,10,1,,8,6,,2066,1692,,1090,768,1592,.482,199,561,.355,331,477,.694,271,1023,394,174,106,300,469
363,Youngstown State,33,24,9,.727,1.73,-6.18,,15,5,,14,2,,9,6,,2721,2396,,1345,995,2026,.491,263,715,.368,468,602,.777,341,1170,511,232,89,368,533